hca_db_vid,hca_db_title,sv_volume,sv_xml_id,sv_incipit,match_method,status
1502,Ved min Velgiører Provst Gutfelds Død af A...... (Hvem jorder man?-).,SV7,hvem-jorder-man-see-hvilken-talrig-skare,Hvem jorder man? see hvilken talrig Skare,prefix,candidate
1503,Fastelavnssang (Nordens kraft er ej forsvunden),SV7,nordens-kraft-er-ei-forsvunden,Nordens Kraft er ei forsvunden,exact,candidate
1504,"†Ved Mad. A. K. Spendrups Grav, af C. (Hustrue! Moder! Du har os forladt!).",SV7,hustrue-moder-du-har-os-forladt,»Hustrue! Moder! Du har os forladt!,exact,candidate
1505,Aftenen - (Et træsnit) (En aften dejlig som i en roman),SV7,en-aften-deilig-som-i-en-roman,"En Aften deilig, som i en Roman!",exact,candidate
1506,"Den rædselsfulde time (Kom ej Rundetårn for nær, er det midnatstide)",SV7,kom-ei-rundetaarn-for-naer-er-det-midnatstide,"Kom ei Rundetaarn for nær, er det Midnatstide",exact,candidate
1507,"Det døende barn (Moder, jeg er træt, nu vil jeg sove)",SV7,moder-jeg-er-traet-nu-vil-jeg-sove,"Moder, jeg er træt, nu vil jeg sove",exact,candidate
1510,"Sjælen (Kraft, som i vort indre lever)",SV7,kraft-som-i-vort-indre-lever,"Kraft, som i vort Indre lever",exact,candidate
1511,Poetisk Spiseseddel af H - - (En Suppe kogt paa de homerske Helte).,SV7,en-suppe-kogt-paa-de-homerske-helte,En Suppe kogt paa de homerske Helte,exact,candidate
1513,Rimedjævelen (Før jeg med blæk papiret vil bemale),SV7,foer-jeg-med-blaek-papiret-vil-bemale,Før jeg med Blæk Papiret vil bemale,exact,candidate
1520,Nytårsnat  (Nu slumrer hoben i den store stad),SV7,-nu-slumrer-hoben-i-den-store-stad,– Nu slumrer Hoben i den store Stad,exact,candidate
1521,Den nye Forening. Den 28de Januar 1829. (Kold og taus Naturen sover).,SV7,kold-og-taus-naturen-sover,Kold og taus Naturen sover,exact,candidate
1522,Snedronningen (Højt ligger på marken den hvide sne),SV7,hoeit-ligger-paa-marken-den-hvide-snee,Høit ligger paa Marken den hvide Snee,prefix,candidate
1523,"Østergade, poetisk betragtet (Det hele liv, ret som det står)",SV7,det-hele-liv-ret-som-det-staaer,"Det hele Liv, ret som det staaer",prefix,candidate
1524,"Kunstnerlivet (Rask rokken snurrede, kanarifuglen sang)",SV7,rask-rokken-snurrede-kanarifuglen-sang,"Rask Rokken snurrede, Kanarifuglen sang",exact,candidate
1525,Fantasi og vanvid (Bag brombærhækken hist ved afgrundsranden),SV7,bag-brombaerhaekken-hist-ved-afgrunds-randen,Bag Brombærhækken hist ved Afgrunds Randen,prefix,candidate
1526,Ingenting og noget (Hør nu en sang om ingenting),SV7,hoer-nu-en-sang-om-ingenting,Hør nu en Sang om Ingenting!,exact,candidate
1527,Til min moder (I barndoms kraftløshed på moderarme),SV7,i-barndoms-kraftloeshed-paa-moder-arme,I Barndoms Kraftløshed paa Moder-Arme,prefix,candidate
1528,Den 1. august 1829 (Da første gang jeg åbnede mit øje),SV7,da-foerste-gang-jeg-aabnede-mit-oeie,Da første Gang jeg aabnede mit Øie,exact,candidate
1530,Ved en tragedies dødsfald (Forleden aften - sådan klokken ni),SV7,forleden-aften-saadan-klokken-ni,Forleden Aften – saadan Klokken ni,exact,candidate
1532,Gråt vejr  (Den våde tåge hænger dorsk over mark og by),SV7,den-vaade-taage-haenger-dorsk-over-mark-og-by,Den vaade Taage hænger dorsk over Mark og By,exact,candidate
1533,Det syge Hjerte. (Kjære Piger! vil I vide).,SV7,kjaere-piger-vil-i-vide,Kjære Piger! vil I vide,exact,candidate
1534,Epigrammatiske digte III  (Hvad er vort liv fra vuggen til vor båre),SV7,hvad-er-vort-liv-fra-vuggen-til-vor-baare,Hvad er vort Liv fra Vuggen til vor Baare?,exact,candidate
1535,"Oldtids huslige liv (Ak, hvor romantisk smiler dog det bjælkehus i dalen)",SV7,ak-hvor-romantisk-smiler-dog-det-bjaelkehuus-i-dalen,"Ak, hvor romantisk smiler dog det Bjælkehuus i Dalen!",prefix,candidate
1536,"Studenten (Højt under taget, hvor svalen bor)",SV7,hoeit-under-taget-hvor-svalen-boer,"Høit under Taget, hvor Svalen boer",prefix,candidate
1537,"Dødsøjeblikket (Hvad er det dog, som lyser? det lutres for min sans)",SV7,hvad-er-det-dog-som-lyser-det-luttres-for-min-sands,Hvad er det dog som lyser? det luttres for min Sands,prefix,candidate
1538,"Regnvejr (Det regner, vil I bare se! - i vand står hele gaden)",SV7,det-regner-vil-i-bare-see-i-vand-staaer-hele-gaden,"Det regner, vil I bare see! – i Vand staaer hele Gaden",prefix,candidate
1539,"Hjertesuk af en udtjent damekjole (Der var en tid, da jeg var ganske ny)",SV7,der-var-en-tid-da-jeg-var-ganske-ny-,"Der var en Tid, da jeg var ganske ny –",exact,candidate
1540,Tyveknægten  (I vuggen ligger det spæde nor),SV7,i-vuggen-ligger-det-spaede-noer,I Vuggen ligger det spæde Noer,prefix,candidate
1541,Soldaten (Med dæmpede hvirvler trommerne gå),SV7,med-daempede-hvirvler-trommerne-gaae,Med dæmpede Hvirvler Trommerne gaae,prefix,candidate
1544,"Kometen - Et sagn (Da sol stod op, og alle nattens terner)",SV7,da-sol-stod-op-og-alle-nattens-terner,"Da Sol stod op, og alle Nattens Terner",exact,candidate
1545,Recension (Vel rødmer land og hav ret smukt i aftensolens flamme),SV7,vel-roedmer-land-og-hav-ret-smukt-i-aftensolens-flamme,Vel rødmer Land og Hav ret smukt i Aftensolens Flamme,exact,candidate
1546,"Klintekorset på Møn (Det er en lys, en dejlig sommernat)",SV7,det-er-en-lys-en-deilig-sommernat,"Det er en lys, en deilig Sommernat",exact,candidate
1547,Skolemesteren  (I den lumre skolestue vil vi nu dvæle lidt),SV7,i-den-lumre-skolestue-ville-vi-nu-dvaele-lidt,I den lumre Skolestue ville vi nu dvæle lidt,prefix,candidate
1549,Flyttedagen i april (Nu vintrens gamle gubbe forlader sit logi),SV7,nu-vintrens-gamle-gubbe-forlader-sit-logi,Nu Vintrens gamle Gubbe forlader sit Logi,exact,candidate
1551,Martsviolerne (Sig himlen hvælver så ren og klar),SV7,sig-himlen-hvaelver-saa-reen-og-klar,Sig Himlen hvælver saa reen og klar,prefix,candidate
1552,"Capriccio (Et spejl er søens flade, det er så smuk en dag)",SV7,et-speil-er-soeens-flade-det-er-saa-smuk-en-dag,"Et Speil er Søens Flade, det er saa smuk en Dag",exact,candidate
1553,En fæl historie (Barsk sidder drotten i skarlagen rødt),SV7,barsk-sidder-drotten-i-skarlagen-roedt,Barsk sidder Drotten i Skarlagen rødt,exact,candidate
1554,Mosters skærmbræt (Når kulden barsk sig nærmed'),SV7,naar-kulden-barsk-sig-naermed,Naar Kulden barsk sig nærmed’,exact,candidate
1555,Risens datter (Dybt inde under bjerget en gammel rise bor),SV7,dybt-inde-under-bjerget-en-gammel-rise-boer,Dybt inde under Bjerget en gammel Rise boer,prefix,candidate
1556,De danske og deres konge  (Alt rejser vint'ren sit hvide telt),SV7,alt-reiser-vintren-sit-hvide-telt,Alt reiser Vint’ren sit hvide Telt,exact,candidate
1557,Amors spillekort (Det er dog både en skam og tort),SV7,det-er-dog-baade-en-skam-og-tort,Det er dog baade en Skam og Tort,exact,candidate
1558,"Morten Lange - (Et juledigt) (Hver midnat mellem tolv og et, fra sydlands-ø til Thule)",SV7,hver-midnat-mellem-tolv-og-et-fra-sydlands-oe-til-thule,"Hver Midnat mellem tolv og et, fra Sydlands-Ø til Thule",exact,candidate
1559,De tre gaver (Så dejligt et træ i skoven står),SV7,saa-deiligt-et-trae-i-skoven-staaer,Saa deiligt et Træ i Skoven staaer,prefix,candidate
1560,"Januar - En skitse (På gade, mark og tage, nu ligger sneen hvid)",SV7,paa-gade-mark-og-tage-nu-ligger-sneen-hvid,"Paa Gade, Mark og Tage, nu ligger Sneen hvid",exact,candidate
1563,"»Gæk! Gæk!«, Parodie paa Digtet. »Veni creator!« ([med Tilføjelse:] see denne Digt-Samling, Side 91). (Smukt ligger Gaasestien hist i den frie Natur).",SV7,smukt-ligger-gaasestien-hist-i-den-frie-natur,Smukt ligger Gaasestien hist i den frie Natur,exact,candidate
1564,Vandringsmanden i Ørkenen. En Skizze. (Man seer kun Himlen og Ørkenens Sand).,SV7,man-seer-kun-himlen-og-oerkenens-sand,Man seer kun Himlen og Ørkenens Sand,exact,candidate
1565,Til den babyloniske Taarnbygger i Miniature. (Uden Grunde vil Du laste).,SV7,uden-grunde-vil-du-laste,Uden Grunde vil Du laste,exact,candidate
1567,Prolog (Når øjet hæver sig mod himlens bue),SV7,naar-oeiet-haever-sig-mod-himlens-bue,Naar Øiet hæver sig mod Himlens Bue,exact,candidate
1568,Avis aux lectrices (Jeg savner noget - skal jeg navnet sige),SV7,jeg-savner-noget-skal-jeg-navnet-sige,Jeg savner noget! – skal jeg Navnet sige?,exact,candidate
1569,Manden fra Paradis - En komisk fortælling (Der var engang en enke),SV7,der-var-engang-en-enke-,Der var engang en Enke –,exact,candidate
1570,"Studier efter naturen I (Solen skinner i naboens gård, husene ere så lave)",SV7,solen-skinner-i-naboens-gaard-husene-ere-saa-lave,"Solen skinner i Naboens Gaard, Husene ere saa lave",exact,candidate
1571,Børnene og den grå morlille (I hjertet sidder en lille person),SV7,i-hjertet-sidder-en-lille-person,I Hjertet sidder en lille Person,exact,candidate
1573,Lille Lise ved brønden (Tæt ved huset brønden står),SV7,taet-ved-huset-broenden-staaer,Tæt ved Huset Brønden staaer,prefix,candidate
1574,Skildvagten (Aft'nen er tåget - døsigt lygterne brænde),SV7,aftnen-er-taaget-doesigt-lygterne-braende,Aft’nen er taaget – døsigt Lygterne brænde,exact,candidate
1577,"Paa det 1. Træ. (Den som mig plantede, var selv en Børneven)",SV7,den-som-mig-plantede-var-selv-en-boerneven,Den som mig plantede var selv en Børneven,exact,candidate
1578,Paa det 2. Træ. (Naar Vaaren pynter Eng og Skov og Krat).,SV7,naar-vaaren-pynter-eng-og-skov-og-krat,Naar Vaaren pynter Eng og Skov og Krat,exact,candidate
1579,"Paa det 3. Træ. (Naar Heden trykker i den snevre By).
",SV7,naar-heden-trykker-i-den-snevre-by,Naar Heden trykker i den snevre By,exact,candidate
1580,"Paa det 4. Træ. (Han, som os satte, alt som spæde Smaae).",SV7,han-som-os-satte-alt-som-spaede-smaae,"Han, som os satte, alt som spæde Smaae",exact,candidate
1581,"Havfruen ved Samsø  - (Et sagn) (Det er sildigt alt på aft'nen, stormen stiger mer og mer)",SV7,det-er-sildigt-alt-paa-aftnen-stormen-stiger-meer-og-meer,"Det er sildigt alt paa Aft’nen, Stormen stiger meer og meer",prefix,candidate
1585,Tåren (Mit hjerte er en himmel grå),SV7,mit-hjerte-er-en-himmel-graae,Mit Hjerte er en Himmel graae,prefix,candidate
1586,Studier efter naturen  II  (Vort landskab her er næsten fladt),SV7,vort-landskab-her-er-naesten-fladt,Vort Landskab her er næsten fladt,exact,candidate
1587,Underlige drømme (Det er så stille i vor by),SV7,det-er-saa-stille-i-vor-by,Det er saa stille i vor By,exact,candidate
1590,Sang i Anledning af Festdagen den 28. Octbr. 1830. (Afsjungen i Sel- skabet »Ressourcen«). Mel. Kong Christian stod ved høien Mast. (Dig synger Bølgen høit paa Strand).,SV7,dig-synger-boelgen-hoeit-paa-strand,Dig synger Bølgen høit paa Strand,exact,candidate
1592,Hjertets melodier VIII (Man har et sagn - et eventyr),SV7,man-har-et-sagn-et-eventyr,Man har et Sagn – et Eventyr,exact,candidate
1593,Elskeren og Fuglen. (Høit paa Grenen Fuglen gynger),SV7,hoeit-paa-grenen-fuglen-gynger,Høit paa Grenen Fuglen gynger,exact,candidate
1594,Du fatter ej bølgernes evige gang  (Du fatter ej bølgernes evige gang),SV7,du-fatter-ei-boelgernes-evige-gang,Du fatter ei Bølgernes evige Gang,exact,candidate
1595,Min undskyldning (Om mine digte),SV7,om-mine-digte,Om mine Digte,exact,candidate
1596,"Hvad jeg elsker (Jeg elsker havet, når det stormer vildt)",SV7,jeg-elsker-havet-naar-det-stormer-vildt,"Jeg elsker Havet, naar det stormer vildt!",exact,candidate
1598,Bruden i Rørvig kirke  (et sjællandsk sagn) (Klart skinner månen på den nøgne kyst),SV7,klart-skinner-maanen-paa-den-noegne-kyst,Klart skinner Maanen paa den nøgne Kyst.,exact,candidate
1600,Jylland (Da oldtid kun var nyfødt skum på tidens stolte vove),SV7,da-oldtid-kun-var-nyfoedt-skum-paa-tidens-stolte-vove,Da Oldtid kun var nyfødt Skum paa Tidens stolte Vove,exact,candidate
1603,"Fantasibillede (Uden græs og blomster, uden høje fjelde)",SV7,uden-graes-og-blomster-uden-hoeie-fjelde,"Uden Græs og Blomster, uden høie Fjelde",exact,candidate
1604,Den ny sprøjte (En sprøjte har vi fået nu),SV7,en-sproeite-har-vi-faaet-nu,En Sprøite har vi faaet nu,exact,candidate
1605,Hytten (Hvor bølgen højt mod kysten slår),SV7,hvor-boelgen-hoeit-mod-kysten-slaaer,Hvor Bølgen høit mod Kysten slaaer,prefix,candidate
1606,"Hjemve (Om aft'nen i det lille, snævre kammer)",SV7,om-aftnen-i-det-lille-snevre-kammer,"Om Aft’nen i det lille, snevre Kammer",prefix,candidate
1607,"Hvile på heden (Sørgende, stor ligger foran os)",SV7,soergende-stor-ligger-foran-os,"Sørgende, stor ligger foran os",exact,candidate
1610,"Fantasi ved Vesterhavet (Er disse høje, sorte masser fjelde)",SV7,er-disse-hoeie-sorte-masser-fjelde,"Er disse høie, sorte Masser Fjelde?",exact,candidate
1611,Stormen (Som i en søvn ligger luften og havet),SV7,som-i-en-soevn-ligger-luften-og-havet,Som i en Søvn ligger Luften og Havet,exact,candidate
1612,"Poetisk note til digtet: Erindringblad fra hovedstaden (Alverden mig belærer, man mener det så godt)",SV7,alverden-mig-belaerer-man-mener-det-saa-godt,"Alverden mig belærer, man mener det saa godt!",exact,candidate
1613,Rejse-capriccio (Farvel du stolte hav med al din vælde),SV7,farvel-du-stolte-hav-med-al-din-vaelde,"Farvel, du stolte Hav med al din Vælde!",exact,candidate
1617,Hjertets melodier II  (Min tanke er et mægtigt fjeld),SV7,min-tanke-er-et-maegtigt-fjeld,Min Tanke er et mægtigt Fjeld,exact,candidate
1618,"Hjertets melodier III  (Du gav mig blomster, hvis de læge kunne)",SV7,du-gav-mig-blomster-hvis-de-lege-kunde,"Du gav mig Blomster, hvis de lege kunde",prefix,candidate
1620,Hjertets melodier V (Henvisned' er de blomster du mig gav),SV7,henvisned-er-de-blomster-du-mig-gav,Henvisned’ er de Blomster Du mig gav,exact,candidate
1622,"Hjertets melodier VII  (Jeg elsker dig - dig, som jeg ej tør sige)",SV7,jeg-elsker-dig-dig-som-jeg-ei-toer-sige,"Jeg elsker Dig – Dig, som jeg ei tør sige!",exact,candidate
1624,"Pauli 1. Cor. 15, 42-44 (Når jordelarven brister)",SV7,naar-jordelarven-brister,Naar Jordelarven brister,exact,candidate
1632,Med et eksemplar af: Fantasier og skitser. (Den lille sangfugl flagrer glad),SV7,den-lille-sangfugl-flagrer-glad,Den lille Sangfugl flagrer glad,exact,candidate
1633,Til en dame med en mandlig dukke. (Hør sandheds røst fra juletræets grene),SV7,hoer-sandheds-roest-fra-juletraeets-grene,Hør Sandheds Røst fra Juletræets Grene,exact,candidate
1635,Studentersang (Herskere i åndens rige),SV7,herskere-i-aandens-rige,Herskere i Aandens Rige,exact,candidate
1637,Et vinterparti (Det dundrer stærkt under hestens hov),SV7,det-dundrer-staerkt-under-hestens-hov,Det dundrer stærkt under Hestens Hov,exact,candidate
1640,(Vor Jord og Himmelbuen),SV7,vor-jord-og-himmelbuen,Vor Jord og Himmelbuen,exact,candidate
1641,Stanzer for musik (I de hellige guders lund),SV7,i-de-hellige-guders-lund,I de hellige Guders Lund,exact,candidate
1642,(Jo mere tung af Frugt en Gren er vorden),SV7,jo-mere-tung-af-frugt-en-green-er-vorden,Jo mere tung af Frugt en Green er vorden,prefix,candidate
1643,(Naar Du med Tankens Blik henover Kloden drog),SV7,naar-du-med-tankens-blik-henover-kloden-drog,Naar Du med Tankens Blik henover Kloden drog,exact,candidate
1644,Jomfru Ellens vise (På volden ret som alfer de vejrmøller stå),SV7,paa-volden-ret-som-alfer-de-veirmoeller-staae,Paa Volden ret som Alfer de Veirmøller staae,prefix,candidate
1645,"Jorden (Herren bød, og jorden stod. -)",SV7,herren-boed-og-jorden-stod-,"Herren bød, og Jorden stod. – –",exact,candidate
1648,Introduktion  (En forgrund med en smule grønt),SV7,en-forgrund-med-en-smule-groent,En Forgrund med en Smule Grønt,exact,candidate
1653,Kulbrænderen (Mellem skovens graner her),SV7,mellem-skovens-graner-her,Mellem Skovens Graner her,exact,candidate
1654,"Bjergsituation i Harzen (Du stolte fjeld, hvor barsk du truer der)",SV7,du-stolte-fjeld-hvor-barsk-du-truer-der,"Du stolte Fjeld, hvor barsk Du truer der",exact,candidate
1661,Elbkongens brud (Det er så stille i fjendens lejr),SV7,det-er-saa-stille-i-fjendens-leir,Det er saa stille i Fjendens Leir,exact,candidate
1663,"Vuggevise (Sov og drøm du engel blid,)",SV7,sov-og-droem-du-engel-blid,"Sov og drøm, Du Engel blid",exact,candidate
1666,Varulven (Klart skinner månen ved midjenat),SV7,klart-skinner-maanen-ved-midienat,Klart skinner Maanen ved Midienat,prefix,candidate
1667,Barnet ved kirken (Vi over kirkegården må),SV7,vi-over-kirkegaarden-maae,Vi over Kirkegaarden maae,prefix,candidate
1668,"Formens evige magi (Om kageformen, eller selve kagen)",SV7,om-kageformen-eller-selve-kagen,"Om Kageformen, eller selve Kagen",exact,candidate
1671,J. Baggesen  (Hen ad den nøgne kyst de bølger trille),SV7,hen-ad-den-noegne-kyst-de-boelger-trille,Hen ad den nøgne Kyst de Bølger trille,exact,candidate
1672,"Abrahamson (På kampens dag, da Danmarks helte faldt)",SV7,paa-kampens-dag-da-danmarks-helte-faldt,"Paa Kampens Dag, da Danmarks Helte faldt",exact,candidate
1674,A. Bording  (Den muntre skjald i muld er gemt),SV7,den-muntre-skjald-i-muld-er-gjemt,Den muntre Skjald i Muld er gjemt,prefix,candidate
1675,J. C. Boye  (Du leged' glad bag skovens grønne grene),SV7,du-leged-glad-bag-skovens-groenne-grene,Du leged’ glad bag Skovens grønne Grene,exact,candidate
1677,Nordal Bruun (Franske snørliv - -  dog du ved),SV7,franske-snoerliv-dog-du-veed,Franske Snørliv – – Dog du veed,prefix,candidate
1678,C. Bredahl  (Hvor Holberg bygged' ved sø og skov),SV7,hvor-holberg-bygged-ved-soe-og-skov,Hvor Holberg bygged’ ved Sø og Skov,exact,candidate
1679,"H. C. Bunkeflod  (Tråden brister, rokken står, spindevisen tier)",SV7,traaden-brister-rokken-staaer-spindevisen-tier,"Traaden brister, Rokken staaer, Spindevisen tier",prefix,candidate
1680,"J. Ewald  (Din smerte var en sky, i stormen vild)",SV7,din-smerte-var-en-sky-i-stormen-vild,"Din Smerte var en Sky, i Stormen vild",exact,candidate
1681,N. T. Bruun (Ej hver en fugl i skovens hal),SV7,ei-hver-en-fugl-i-skovens-hal,Ei hver en Fugl i Skovens Hal,exact,candidate
1684,P. Faye  (Du sang din ungdoms lyst),SV7,du-sang-din-ungdoms-lyst,Du sang din Ungdoms Lyst,exact,candidate
1686,"P. H. Friemann (“Den stille bæk"", hvor rosen gynger)",SV7,den-stille-baek-hvor-rosen-gynger,"»Den stille Bæk,« hvor Rosen gynger",exact,candidate
1687,P. F. Friis (Du sang om liremanden - ham verden går forbi),SV7,du-sang-om-liremanden-ham-verden-gaaer-forbi,Du sang om Liremanden – ham Verden gaaer forbi,prefix,candidate
1688,"Gengangerbrevenes forfatter (Man troede før, at ånder ej bare formens bånd)",SV7,man-troede-foer-at-aander-ei-bare-formens-baand,"Man troede før, at Aander ei bare Formens Baand",exact,candidate
1689,F. J. Hansen  (Du synger ungdomsglad med smil på kind),SV7,du-synger-ungdomsglad-med-smiil-paa-kind,Du synger ungdomsglad med Smiil paa Kind,prefix,candidate
1691,F. H. Guldberg  (Til kirkegården skotter børneflokken),SV7,til-kirkegaarden-skotter-boerneflokken,Til Kirkegaarden skotter Børneflokken,exact,candidate
1692,Haste  (Den lille svale fik ej ørnens flugt),SV7,den-lille-svale-fik-ei-oernens-flugt,Den lille Svale fik ei Ørnens Flugt,exact,candidate
1694,P. A. Heiberg  (Komme hvo som komme vil),SV7,komme-hvo-som-komme-vil,Komme hvo som komme vil,exact,candidate
1695,J. L. Heiberg  (Den lille Amor fra hækken fløj),SV7,den-lille-amor-fra-haekken-floei,Den lille Amor fra Hækken fløi,exact,candidate
1696,"L. Holberg  (Hil dig, du viddets danske digter-konning)",SV7,hil-dig-du-viddets-danske-digter-konning,"Hil Dig, Du Viddets danske Digter-Konning",exact,candidate
1697,B. S. Ingemann  (Hvad du sang ved grønne bred),SV7,hvad-du-sang-ved-groenne-bred,Hvad Du sang ved grønne Bred,exact,candidate
1700,L. Kruse  (Når skibet er en spurv i hvirvelvind),SV7,naar-skibet-er-en-spurv-i-hvirvelvind,Naar Skibet er en Spurv i Hvirvelvind,exact,candidate
1701,S. Meisling (Du blev i hjemmet. I dit hjem du gav),SV7,du-blev-i-hjemmet-i-dit-hjem-du-gav,Du blev i Hjemmet. I dit Hjem Du gav,exact,candidate
1702,C. Molbech  (Du vandred' ungdomsglad i Danmarks egne),SV7,du-vandred-ungdomsglad-i-danmarks-egne,Du vandred’ ungdomsglad i Danmarks Egne,exact,candidate
1703,Lundby  (Om håbet - ja om håbet drømmer hver),SV7,om-haabet-ja-om-haabet-droemmer-hver,"Om Haabet, – ja om Haabet drømmer hver",exact,candidate
1705,Olufsen (En dåse gav du land og stat),SV7,en-daase-gav-du-land-og-stat,En Daase gav Du Land og Stat,exact,candidate
1707,Rahbek (Bien drømmer om sin kube ved hver blomst bag skovens hang),SV7,bien-droemmer-om-sin-kube-ved-hver-blomst-bag-skovens-hang,Bien drømmer om sin Kube ved hver Blomst bag Skovens Hang,exact,candidate
1709,Pram (Fra helten klædt i brynje blå),SV7,fra-helten-klaedt-i-brynie-blaae,Fra Helten klædt i Brynie blaae,prefix,candidate
1710,"L. C. Sander  (Du sang Niels Ebbesen, at dansken kunne prise)",SV7,du-sang-niels-ebbesen-at-dansken-kunde-prise,"Du sang Niels Ebbesen, at Dansken kunde prise",prefix,candidate
1711,J. Rein (Du tegned' blomsten som den gror på vang),SV7,du-tegned-blomsten-som-den-groer-paa-vang,Du tegned’ Blomsten som den groer paa Vang,prefix,candidate
1712,Riber (En fløjte skar du dig af gærdets pil),SV7,en-floeite-skar-du-dig-af-gjerdets-piil,En Fløite skar Du Dig af Gjerdets Piil,prefix,candidate
1714,Samsöe (Din vår os lod en dejlig sommer håbe),SV7,din-vaar-os-lod-en-deilig-sommer-haabe,Din Vaar os lod en deilig Sommer haabe,exact,candidate
1715,Sorterup  (Du digted' for dansken en sang under ø),SV7,du-digted-for-dansken-en-sang-under-oe,Du digted’ for Dansken en Sang under Ø,exact,candidate
1716,F. C. Sibbern (Selv uden mandens navn og hvert hentydningsstof),SV7,selv-uden-mandens-navn-og-hvert-hentydnings-stof,Selv uden Mandens Navn og hvert Hentydnings-Stof,prefix,candidate
1717,H. C. Sneedorf  (Vel svigter den vingede ganger tit),SV7,vel-svigter-den-vingede-ganger-tidt,Vel svigter den vingede Ganger tidt,prefix,candidate
1718,"E. Storm  (""Herr Zinklar drog over salten sø"")",SV7,herr-zinklar-drog-over-salten-soe,»Herr Zinklar drog over salten Sø,exact,candidate
1719,Schack-Staffeldt  (Hvad blomsten drømmer mangen sommernat),SV7,hvad-blomsten-droemmer-mangen-sommernat,Hvad Blomsten drømmer mangen Sommernat,exact,candidate
1722,Söetoft (Phantasus den ungdomsglade),SV7,phantasus-den-ungdomsglade,Phantasus den ungdomsglade,exact,candidate
1726,J. C. Tode  (Vi vil ej sige mange ord),SV7,vi-vil-ei-sige-mange-ord,Vi vil’ ei sige mange Ord,exact,candidate
1727,C. Wilster (De første prygl vi i skolen fik),SV7,-de-foerste-prygl-vi-i-skolen-fik,» De første Prygl vi i Skolen fik,exact,candidate
1730,"C. Winther (At snitte smukt i træ, en gud dig lærte)",SV7,at-snitte-smukt-i-trae-en-gud-dig-laerte,"At snitte smukt i Træ, en Gud Dig lærte",exact,candidate
1731,Zahle (Dig musen gav en lyre til at spille),SV7,dig-musen-gav-en-lyre-til-at-spille,Dig Musen gav en Lyre til at spille,exact,candidate
1733,P. Wulff  (Tak for hver Bretlands evig blå kærminde),SV7,tak-for-hver-bretlands-evig-blaa-kjaerminde,Tak for hver Bretlands evig blaa Kjærminde,prefix,candidate
1735,Baggrund til vignetterne (Hvad er det vel vi kalder poesi?),SV7,hvad-er-det-vel-vi-kalde-poesie,Hvad er det vel vi kalde Poesie?,prefix,candidate
1736,De to grave (Hvis er denne grav),SV7,hvis-er-denne-grav,Hvis er denne Grav?,exact,candidate
1737,Det store julebord (Hvor byens damer trækker på parade),SV7,hvor-byens-damer-traekke-paa-parade,Hvor Byens Damer trække paa Parade,prefix,candidate
1738,"Sang for de Danske i Paris, paa Konsgens (!) Fødselsdag 28de Januar 1832. (I de Franskes Hovedstad -).",SV7,i-de-franskes-hovedstad,I de Franskes Hovedstad,exact,candidate
1739,Den 28de. Januar 1832. (Bølgen vugger op og ned).,SV7,boelgen-vugger-op-og-ned,Bölgen vugger op og ned,exact,candidate
1740,"Danmark og kongen (Vi gamle Danmark prise,)",SV7,vi-gamle-danmark-prise,Vi gamle Danmark prise,exact,candidate
1741,Mørket  (Jeg drømte - dog en drøm var det ej ganske),SV7,jeg-droemte-dog-en-droem-var-det-ei-ganske,Jeg drømte – dog en Drøm var det ei ganske!,exact,candidate
1742,Gefion (Kong Gylfe sidder i gildehus),SV7,kong-gylfe-sidder-i-gildehuus,Kong Gylfe sidder i Gildehuus,prefix,candidate
1743,Min vise  (Nu skinner solen varmt og smukt),SV7,nu-skinner-solen-varmt-og-smukt,Nu skinner Solen varmt og smukt,exact,candidate
1744,Epigrammatiske digte XII (Min tankes tanke ene du er vorden),SV7,min-tankes-tanke-ene-du-er-vorden,Min Tankes Tanke ene Du er vorden,exact,candidate
1750,Visitøren og digteren (Her visiteres på dette sted.),SV7,her-visiteres-paa-dette-sted,Her visiteres paa dette Sted.,exact,candidate
1751,"I en Vens Stambog, da han reiste til Udlandet. (Du Lykkens Barn, flyv, over salten Vande).",SV7,du-lykkens-barn-flyv-over-salten-vande,"Du Lykkens Barn, flyv, over salten Vande",exact,candidate
1754,"Stanze (Så hvid hun er min hjertenskær,)",SV7,saa-hvid-hun-er-min-hjertenskjaer,Saa hvid hun er min Hjertenskjær,prefix,candidate
1755,(Mit Liv var Poesi),SV7,mit-liv-var-poesie,Mit Liv var Poesie.,prefix,candidate
1757,(Hjertet er en Vugge),SV7,hjertet-er-en-vugge,Hjertet er en Vugge,exact,candidate
1759,Hende jeg mener (Jeg synger her om to - betænk engang),SV7,jeg-synger-her-om-to-betaenk-engang,Jeg synger her om to – betænk engang!,exact,candidate
1762,"Lille Viggo (Lille Viggo, vil du ride ranke)",SV7,lille-viggo-vil-du-ride-ranke,"Lille Viggo, vil Du ride Ranke?",exact,candidate
1763,Den femte maj (1821) (De spanske lod mig deres skib bestige),SV7,de-spanske-lod-mig-deres-skib-bestige,De Spanske lod’ mig deres Skib bestige,exact,candidate
1764,Vandringsmanden (Januar) (Et hjem for Samojed og Pescheræ),SV7,et-hjem-for-samojed-og-pescherae,Et Hjem for Samojed og Pescheræ,exact,candidate
1765,"Februar  (Månen, som en havfrue, fra den fjerne old)",SV7,maanen-som-en-havfrue-fra-den-fjerne-old,"Maanen, som en Havfrue, fra den fjerne Old",exact,candidate
1766,Marts (Mægtigt vårens pulse banke),SV7,maegtigt-vaarens-pulse-banke,Mægtigt Vaarens Pulse banke,exact,candidate
1767,Jorden (Ton højt i tidens kamp mit stolte kvad),SV7,ton-hoeit-i-tidens-kamp-mit-stolte-qvad,Ton høit i Tidens Kamp mit stolte Qvad!,prefix,candidate
1768,Menneskelivet (For den vilde syndflods vande),SV7,for-den-vilde-syndflods-vande,For den vilde Syndflods Vande,exact,candidate
1769,"Poesien (En guddoms tanke er du, poesi)",SV7,en-guddoms-tanke-er-du-poesie,"En Guddoms Tanke er Du, Poesie",prefix,candidate
1770,"April (O, april! en dejlig måned)",SV7,o-april-en-deilig-maaned,"O, April! en deilig Maaned!",exact,candidate
1774,"August (Ja, øjeblikket ene er det just)",SV7,ja-oeieblikket-ene-er-det-just,"Ja, Øieblikket ene er det just",exact,candidate
1775,September (Septembers herlige natur),SV7,septembers-herlige-natur,Septembers herlige Natur,exact,candidate
1776,"Oktober (Storken er rejst til fremmed land, spurven bor i dens rede)",SV7,storken-er-reist-til-fremmed-land-spurven-boer-i-dens-rede,"Storken er reist til fremmed’ Land, Spurven boer i dens Rede",prefix,candidate
1778,"December (Dybt i mit hjerte, hvor hun bor)",SV7,dybt-i-mit-hjerte-hvor-hun-boer,"Dybt i mit Hjerte, hvor hun boer",prefix,candidate
1779,December (Barn Jesus i en krybbe lå),SV7,barn-jesus-i-en-krybbe-laae,Barn Jesus i en Krybbe laae,prefix,candidate
1780,De to fugle (Der bygger en fugl her dybt i mit bryst),SV7,der-bygger-en-fugl-her-dybt-i-mit-bryst,Der bygger en Fugl her dybt i mit Bryst,exact,candidate
1781,Epigrammatiske digte IV  (Derud i verden hjertet må),SV7,derud-i-verden-hjertet-maa,Derud i Verden Hjertet maa,exact,candidate
1783,(Ved fremmed Strand jeg tænkte Dig).,SV7,ved-fremmed-strand-jeg-taenkte-dig,Ved fremmed Strand jeg tænkte Dig,exact,candidate
1784,"Epigrammatiske digte IX  (Jeg drømmer stolt, vil De min bog modtage)",SV7,jeg-droemmer-stolt-vil-de-min-bog-modtage-,»Jeg drømmer stolt: – vil De min Bog modtage? –,exact,candidate
1785,"(Efter W. Müller). (Skuffet Kjærlighed! Du ligner i din bittre, tunge Vee).",SV7,skuffet-kjaerlighed-du-ligner-i-din-bittre-tunge-vee,"Skuffet Kjærlighed! du ligner, i din bittre, tunge Vee",exact,candidate
1786,(Nu er Theatret godt paa Gled).,SV7,nu-er-theatret-godt-paa-gled,Nu er Theatret godt paa Gled,exact,candidate
1787,"Ewald. (Balder og Rolf, Du fremkaldte, brynnie-klædt).",SV7,balder-og-rolf-du-fremkaldte-brynnieklaedt-,"Balder og Rolf Du fremkaldte, brynnieklædt’ –",prefix,candidate
1788,Til Deres Kongelige Høiheder Prinds Frederik Carl Christian og Prindsesse Wilhelmine Marie. (Midt i den dybe salte Sø).,SV7,midt-i-den-dybe-salte-soe,"Midt i den dybe, salte Sö",exact,candidate
1790,"""Jeg drømte, jeg var en lille fugl"" (Jeg drømte, jeg var en lille fugl)",SV7,jeg-droemte-jeg-var-en-lille-fugl,"Jeg drømte, jeg var en lille Fugl",exact,candidate
1791,"Elskerens sang (Højt på bjerget, hvor skyerne går)",SV7,hoeit-paa-bjerget-hvor-skyerne-gaae,"Høit paa Bjerget, hvor Skyerne gaae",prefix,candidate
1793,Det syge hjerte (Hvad kommer du fra kirken her),SV7,hvad-kommer-du-fra-kirken-her,Hvad kommer Du fra Kirken her?,exact,candidate
1794,Til en ung dame (Når nattergalens øjne man udbrænder),SV7,naar-nattergalens-oeine-man-udbraender,Naar Nattergalens Øine man udbrænder,exact,candidate
1795,Tre dage af en tyveknægts liv (Den første dag - jeg husker det godt),SV7,den-foerste-dag-jeg-husker-det-godt,Den første Dag – jeg husker det godt!,exact,candidate
1796,Den blinde moder (Trommen hvirvler. De er nær),SV7,trommen-hvirvler-de-er-naer,»Trommen hvirvler. De er’ nær!,exact,candidate
1797,Invaliden (Røgsky ved røgsky over marken lå),SV7,roegsky-ved-roegsky-over-marken-laae,Røgsky ved Røgsky over Marken laae,prefix,candidate
1798,"Impromptu (Den grønne skov, så ungdomsfrisk og fager)",SV7,den-groenne-skov-saa-ungdomsfrisk-og-fager,"Den grønne Skov, saa ungdomsfrisk og fager",exact,candidate
1800,"Epigrammatiske digte V (Du, som så ofte læste i mit hjerte)",SV7,du-som-saa-ofte-laeste-i-mit-hjerte,"Du, som saa ofte læste i mit Hjerte",exact,candidate
1801,"Epigrammatiske digte VI  (Hvad hjertet drømte, hvad øjet så)",SV7,hvad-hjertet-droemte-hvad-oeiet-saae,"Hvad Hjertet drømte, hvad Øiet saae",prefix,candidate
1802,Epigrammatiske digte VII  (Skjaldens dybe sorg og lyst),SV7,skjaldens-dybe-sorg-og-lyst,Skjaldens dybe Sorg og Lyst,exact,candidate
1805,Epigrammatiske digte XI  (Lad tidens ege kaste dunkle skygger),SV7,lad-tidens-ege-kaste-dunkle-skygger,Lad Tidens Ege kaste dunkle Skygger.,exact,candidate
1806,Til en herre med en kvindelig dukke (Jeg siger dig og i alvorlig tone),SV7,jeg-siger-dig-og-i-alvorlig-tone,Jeg siger Dig og i alvorlig Tone,exact,candidate
1807,Sang for de danske i Paris (Da Danmarks bøgeskov sprang ud),SV7,da-danmarks-boegeskov-sprang-ud,Da Danmarks Bøgeskov sprang ud,exact,candidate
1810,Peter Erasmus Müller  (Om sygelejet sad dit hjertes kære),SV7,om-sygeleiet-sad-dit-hjertes-kjaere,Om Sygeleiet sad Dit Hjertes Kjære,prefix,candidate
1811,Mindedigt af Karen Sophie Larsen (Saa mangen Nat jeg hen til Vinduet gik),SV7,saa-mangen-nat-jeg-hen-til-vinduet-gik,Saa mangen Nat jeg hen til Vinduet gik,exact,candidate
1814,"Ved maleren Bendz's grav i Vicenza (Livsglad, begejstret for din skønne kunst)",SV7,livsglad-begeistret-for-din-skjoenne-kunst,"Livsglad, begeistret for Din skjønne Kunst",prefix,candidate
1815,(I Havet ligger Fader død),SV7,i-havet-ligger-fader-doed,I Havet ligger Fader død,exact,candidate
1817,"En lille flugt til Rom den 8. marts 1835 (Fra nord, hvor tågen skygger)",SV7,fra-nord-hvor-taagen-skygger,"Fra Nord, hvor Taagen skygger",exact,candidate
1818,†Sophie Thiele. (Det er kun Dage siden vi Dig saa).,SV7,det-er-kun-dage-siden-vi-dig-saae,Det er kun Dage siden vi Dig saae,prefix,candidate
1820,"Til Henriette T -. Med et Exemplar af Paludan-Müllers Amor og Psyche. (De gjætter vel, hvorfor det skeer)",SV7,de-gjaetter-vel-hvorfor-det-skeer,"De gjætter vel, hvorfor det skeer",exact,candidate
1823,"På slottet Chillon  (Vilde fjelde, spejlklar sø)",SV7,vilde-fjelde-speilklar-soe,"Vilde Fjelde, speilklar Sø",exact,candidate
1824,Liden Roland. Romance efter Uhland. (Fru Berta sidder bag Klippens Hang).,SV7,fru-berta-sidder-bag-klippens-hang,Fru Berta sidder bag Klippens Hang,exact,candidate
1825,Vandring på Vesuv (Italien II  (Mellem lilla bjerge drømmer),SV7,mellem-lilla-bjerge-droemmer,Mellem lilla Bjerge drømmer,exact,candidate
1826,En ung Digters Sang. (Det var vist tungt for min bedste Ven),SV7,det-var-vist-tungt-for-min-bedste-ven,Det var vist tungt for min bedste Ven,exact,candidate
1830,Festen på Kenilworth 3. Drikkesang (Bacchus er den største mand),SV8,bacchus-er-den-stoerste-mand,Bacchus er den største Mand,exact,candidate
1831,Festen på Kenilworth 4. Romance (Hyrden græsser sine får),SV8,hyrden-graesser-sine-faar,Hyrden græsser sine Faar,exact,candidate
1832,"Sang ved romergildet (Det land, hvor kunsten bygger)",SV7,det-land-hvor-kunsten-bygger,"Det Land, hvor Kunsten bygger",exact,candidate
1833,"Salme (I) ved første gudstjeneste i Holmens Kirke efter dens istandsættelse  (Ej templer, rejst af støvets hånd)",SV7,ei-templer-reist-af-stoevets-haand,"Ei Templer, reist’ af Støvets Haand",exact,candidate
1834,"Salme (II) ved første gudstjeneste i Holmens Kirke efter dens istandsættelse (Skabningens herre, dig vil vi vor lovsang frembære)",SV7,skabningens-herre-dig-vil-vi-vor-lovsang-frembaere,"Skabningens Herre, Dig vil vi vor Lovsang frembære!",exact,candidate
1835,Påskesang (Da jeg bad på Oliebjerget),SV7,da-jeg-bad-paa-oliebjerget,Da jeg bad paa Oliebjerget,exact,candidate
1838,Fru Henriette Wulff født Weinholdt (I hjemmet er nu sorgens stille kval),SV7,i-hjemmet-er-nu-sorgens-stille-qvael,I Hjemmet er nu Sorgens stille Qvæl,prefix,candidate
1839,B. M. Bindesbøll og J. E. Wegener (Sølvbryllupssange I) (Alt vinterstorme klage),SV7,alt-vinterstorme-klage,Alt Vinterstorme klage,exact,candidate
1840,Til J. P. E. Hartmann I (Hvad herligt ude du har set og hørt),SV7,hvad-herligt-ude-du-har-seet-og-hoert,Hvad herligt ude Du har seet og hørt,prefix,candidate
1841,"Konen med æggene  (Der var en kone på landet,)",SV7,der-var-en-kone-paa-landet,Der var en Kone paa Landet,exact,candidate
1842,Rosenknoppen (Rosenknop så fast og rund),SV7,rosenknop-saa-fast-og-rund,Rosenknop saa fast og rund,exact,candidate
1843,Romanze. Af et utrykt Drama. (Den Spillemand sin Harpe tog),SV7,den-spillemand-sin-harpe-tog,Den Spillemand sin Harpe tog.,exact,candidate
1844,"Et lille Digt. (Skrevet under mit Ophold i Rom 1833). (Du er i Roma, Verdens gamle Stad).",SV7,du-er-i-roma-verdens-gamle-stad,"Du er i Roma, Verdens gamle Stad",exact,candidate
1845,"Guldbryllupsvise, ved Bogbinder F. Milos og Hustrus Guldbryllup i Odense den 9. Maj 1837. (Tabt vi Paradiset saae).",SV7,tabt-vi-paradiset-saae,Tabt vi Paradiset saae,exact,candidate
1848,Til Frederik den Sjette  (Vor tid er åndens dage),SV7,vor-tid-er-aandens-dage,Vor Tid er Aandens Dage,exact,candidate
1853,"†Ved Christian Ryders Grav, af L. (Jeg saae Dig nys, da var Du karsk og glad).",SV7,jeg-saae-dig-nys-da-var-du-karsk-og-glad,"Jeg saae Dig nys, da var Du karsk og glad",exact,candidate
1854,"Lille Mimi. (Du søde Barn, Du kjender mig jo alt).",SV7,du-soede-barn-du-kjender-mig-jo-alt,"Du søde Barn, Du kjender mig jo alt",exact,candidate
1857,"""Det har Zombien gjort"" (Har du hørt om tryllelandet)",SV8,har-du-hoert-om-tryllelandet,Har Du hørt om Tryllelandet,exact,candidate
1858,"Digteren Adalbert von Chamisso  (Så har jeg mistet dig, du ejegode)",SV7,saa-har-jeg-mistet-dig-du-eiegode,"Saa har jeg mistet Dig, Du Eiegode!",exact,candidate
1859,"Jason og Aleksandertoget (Thorvaldsen I   (Man bygged' et skib, det hele skrog)",SV7,man-bygged-et-skib-det-hele-skrog,Man bygged’ et Skib; det hele Skrog,exact,candidate
1861,"Til Etatsraad Hornemann fra Studenterforeningen den 20. October 1838. Kjøbenhavn. Trykt i Bianco Lunos Bogtrykkeri. (Her i Dit Hjem, her i Din stille Have).",SV7,her-i-dit-hjem-her-i-din-stille-have,"Her i Dit Hjem, her i Din stille Have",exact,candidate
1865,"Sang til vor kjære Velgjører Hr. Etatsraad Beck. Fra Skole-Ungdommen paa Frederiksværk. I Januar 1839. (Nu fyger Sneen, Nordens Storme komme).",SV7,nu-fyger-sneen-nordens-storme-komme,"Nu fyger Sneen, Nordens Storme komme",exact,candidate
1866,"Alfernes Blomster. Et Folkesagn. (Der laae et Bondehuus, Skorstenens Røg).",SV7,der-laae-et-bondehuus-skorstenens-roeg,"Der laae et Bondehuus, Skorstenens Røg",exact,candidate
1868,Til Kongehuset. (Den oldenborgske Hertug red).,SV7,den-oldenborgske-hertug-red,Den oldenborgske Hertug red,exact,candidate
1869,"Et Vers, skrevet til Skizzen efter Marstrands Malerie: »en Dame i Vinden«. (Hver Dag hun løb for Vinden).",SV7,hver-dag-hun-loeb-for-vinden,Hver Dag hun løb for Vinden,exact,candidate
1870,Rabbi Meyer (Israels folk forsamlet var i skolen),SV7,israels-folk-forsamlet-var-i-skolen,Israels Folk forsamlet var i Skolen,exact,candidate
1872,Giuseppe Siboni  (Han lyttede med sydlig ild og lyst),SV7,han-lyttede-med-sydlig-ild-og-lyst,Han lyttede med sydlig Ild og Lyst,exact,candidate
1873,"Kong Frederik den Sjette (Danmark, dejligst vang og vænge"")",SV8,danmark-deiligst-vang-og-vaenge,Danmark deiligst Vang og Vænge,exact,candidate
1875,"Sang afsjunget ved Deres kongelige Høiheder Prinds Christians og Prindsesse Caroline Amalies Møde paa Gisselfeldt den 30. (Nu er det Høst, nu er det Vandre-Tiden).",SV7,nu-er-det-hoest-nu-er-det-vandre-tiden,"Nu er det Høst, nu er det Vandre-Tiden",exact,candidate
1878,Ved Christian Winthers portræt  (I marmor smuldrer mangt et navn herneden),SV7,i-marmor-smuldrer-mangt-et-navn-herneden,I Marmor smuldrer mangt et Navn herneden,exact,candidate
1879,Et digt om konerne (En kurvemager havde gjort),SV7,en-kurvemager-havde-gjort,En Kurvemager havde gjort,exact,candidate
1880,"Med Amalie Rieffels Portrait. (Tangenterne, de sorte og de hvide).",SV7,tangenterne-de-sorte-og-de-hvide,"Tangenterne, de sorte og de hvide",exact,candidate
1882,Med jomfru Grahns portræt (Af længsel måtte Seine-staden lide),SV7,af-laengsel-maatte-seine-staden-lide,Af Længsel maatte Seine-Staden lide,exact,candidate
1883,"Til Digteren H. P. Holst. (Efter Giennemlæsningen af hans i disse Dage udkomne: »Digte«). (Jeg læste dine Digte Blad, for Blad).",SV7,jeg-laeste-dine-digte-blad-for-blad,"Jeg læste dine Digte Blad, for Blad",exact,candidate
1885,Årets børn (Tolv sønner året har; pas på),SV8,tolv-soenner-aaret-har-pas-paa,Tolv Sönner Aaret har; pas paa,exact,candidate
1887,Sørgekantate over højsalig kong Frederik den Sjette (Død er vor konge. Død kong Frederik),SV8,doed-er-vor-konge-doed-kong-frederik,Død er vor Konge! Død Kong Frederik!,exact,candidate
1888,"Prolog fremsagt paa Hr. Holst's Aftenunderholdning den 9. 2. 1840. (Jeg var endnu en Dreng kun, fuld af Lyst).",SV8,jeg-var-endnu-en-dreng-kun-fuld-af-lyst,"Jeg var endnu en Dreng kun, fuld af Lyst",exact,candidate
1890,"Med Lindgreens portræt (Tre slægter har din ild, dit lune kendt)",SV8,tre-slaegter-har-din-ild-dit-lune-kjendt,"Tre Slægter har Din Ild, Dit Lune kjendt",prefix,candidate
1893,Til en ung dame  (Sad her et lille spejl i krogen),SV8,sad-her-et-lille-speil-i-krogen,Sad her et lille Speil i Krogen,exact,candidate
1895,Fædrelandet (Ægypteren ved Nilen går),SV8,aegypteren-ved-nilen-gaaer,Ægypteren ved Nilen gaaer,prefix,candidate
1898,"Sang (Du, som nys flugten satte)",SV8,du-som-nys-flugten-satte,"Du, som nys Flugten satte",exact,candidate
1899,Til Ungdommen. (Er ei vor Barndom en Tryllebog).,SV8,er-ei-vor-barndom-en-trylleborg,Er ei vor Barndom en Trylleborg,prefix,candidate
1900,Sang ved Deres Majestæters Kongens og Dronningens Besøg paa Gisselfeldt den 3die Octbr. 1840. Mel.: Danmark deilig Vang og Vænge. (Dybt fra Hjertets Grund fremspringer).,SV8,dybt-fra-hjertets-grund-fremspringer,Dybt fra Hjertets Grund fremspringer,exact,candidate
1901,"Sang ved Deres Majestæters Kongens og Dronningens Besøg paa Nysø, den 4de Octbr. 1840. Mel.: Her Peder kasted Runer over Spange. (Fra gammel Tid stod her i Nysø Have).",SV8,fra-gammel-tid-stod-her-i-nysoe-have,Fra gammel Tid stod her i Nysø Have,exact,candidate
1903,Ved botanikeren Liebmanns afrejse til Mexico 1840  (Når du nu om ikke længe),SV8,naar-du-nu-om-ikke-laenge,Naar Du nu om ikke længe,exact,candidate
1904,Louise Collin og B. C. W. Lind (Bryllupssange  I) (Der omtrent hvor gaden ender),SV8,der-omtrent-hvor-gaden-ender,Der omtrent hvor Gaden ender,exact,candidate
1905,"Sonnet ved Fyrstinde Borgheses og hendes tre Børns Død. (Efter Fiorentini), Rom, den 1ste Januar 1841. (En Paradisets Blomst, af Troen bragt).",SV8,en-paradisets-blomst-af-troen-bragt,"En Paradisets Blomst, af Troen bragt",exact,candidate
1906,"Ved etatsråd Jens Wilken Hornemanns grav (En ældre ven du var os, dig vi fulgte)",SV8,en-aeldre-ven-du-var-os-dig-vi-fulgte,"En ældre Ven Du var os, Dig vi fulgte",exact,candidate
1907,"Den forhexede Elsker. (Nygræsk Folkesang fra Athen). (Flyv, ja flyv i sorte Fugle! reis herfra med Gud).",SV8,flyv-ja-flyv-i-sorte-fugle-reis-herfra-med-gud,"Flyv, ja flyv I sorte Fugle! reis herfra med Gud",exact,candidate
1908,"Kong Christian den Ottende I (Du, konge! vil modtage)",SV8,du-konge-vil-modtage,"Du, Konge! vil modtage",exact,candidate
1909,"Postmester, grev Holck og hustru, født Møller (Sølvbryllupssange II) (I Hamborg, ved den brede flod)",SV8,i-hamborg-ved-den-brede-flod,I Hamborg ved den brede Flod,exact,candidate
1910,De tre nordiske rigers skål for Adam Oehlenschläger  (Man skilte Skandinavien),SV8,man-skilte-skandinavien,Man skilte Skandinavien,exact,candidate
1911,I Oehlenschlägers album (På Nordens himmel i stjernernes flok),SV8,paa-nordens-himmel-i-stjernernes-flok,Paa Nordens Himmel i Stjernernes Flok,exact,candidate
1913,Gurre (Hvor Nilen vander Ægypterens jord),SV8,hvor-nilen-vander-aegypterens-jord,Hvor Nilen vander Ægypterens Jord,exact,candidate
1916,Sang ved indvielsen af Frederik den Sjettes Asyl (Hen over armods vrå går storme vilde),SV8,hen-over-armods-vraa-gaaer-storme-vilde,Hen over Armods Vraa gaaer Storme vilde,prefix,candidate
1919,Komponisten Weyse (Hans trætte støv er bragt til gravens ro),SV8,hans-traette-stoev-er-bragt-til-gravens-ro,Hans trætte Støv er bragt til Gravens Ro,exact,candidate
1920,Den lille pige i asylet (Deromme i asylet på bænke sad de små),SV8,deromme-i-asylet-paa-baenke-sad-de-smaa,Deromme i Asylet paa Bænke sad de Smaa,exact,candidate
1921,Ingeborg Mimi Collin (Ved dørens trin dødsenglen stille sad),SV8,ved-doerens-trin-doedsenglen-stille-sad,Ved Dørens Trin Dødsenglen stille sad,exact,candidate
1922,"Sang til det danske kongepar (En sang er kun en lille, fattig gave)",SV8,en-sang-er-kun-en-lille-fattig-gave,En Sang er kun en lille fattig Gave,exact,candidate
1923,Levvel til Jenny Lind (Natur og hjerte blev),SV8,natur-og-hjerte-blev,Natur og Hjerte blev,exact,candidate
1926,"Kantate (2) ved professor, sognepræst C. F. Brorsons 50-årige embedsjubilæum  (Du, som vort hjertes dyb forstod)",SV8,du-som-vort-hjertes-dyb-forstod,"Du, som vort Hjertes Dyb forstod",exact,candidate
1927,"(Ved Bondens Tag, der er af Straa)",SV8,ved-bondens-tag-der-er-af-straa,"Ved Bondens Tag, der er af Straa",exact,candidate
1932,"Vise af vaudevillen “Fuglen i Pæretræet” (Så smukt er ingen steder,)",SV8,saa-smukt-er-ingen-steder,Saa smukt er ingen Steder,exact,candidate
1933,"Thorvaldsen III  Ved Thorvaldsens kiste  (Træd hen til kisten her! kom, fattig mand)",SV8,traed-hen-til-kisten-her-kom-fattig-mand,"Træd hen til Kisten her! kom, fattig Mand",exact,candidate
1934,En hustru (En hustru smykker huset som en ranke),SV8,en-hustru-smykker-huset-som-en-ranke,"En Hustru smykker Huset, som en Ranke",exact,candidate
1935,"Corfits Ulfeldt (Man opskrev dine fejl, din dyd man dulgte)",SV8,man-opskrev-dine-feil-din-dyd-man-dulgte,"Man opskrev dine Feil, din Dyd man dulgte",exact,candidate
1937,Med en buket violer  (De fattige blomster drømte i nat),SV8,de-fattige-blomster-droemte-i-nat,De fattige Blomster drømte i Nat,exact,candidate
1938,"""Min lille fugl, hvor flyver du? (Min lille fugl, hvor flyver du)",SV8,min-lille-fugl-hvor-flyver-du,Min lille Fugl hvor flyver Du,exact,candidate
1941,"(Med et dame-guldur) (Guld søger guld, det vil dit hjerte finde)",SV8,guld-soeger-guld-det-vil-dit-hjerte-finde,"Guld søger Guld, det vil dit Hjerte finde",exact,candidate
1942,Hjertesorg (Man har et sagn om nøkken),SV8,man-har-et-sagn-om-noekken,Man har et Sagn om Nøkken,exact,candidate
1943,Med Thieles Folkesagn (Modtag fra folketroens ager),SV8,modtag-fra-folketroens-ager,Modtag fra Folketroens Ager,exact,candidate
1944,Bøn  (Han som i stormen er vor faste borg),SV8,han-som-i-stormen-er-vor-faste-borg,"Han, som i Stormen er vor faste Borg",exact,candidate
1945,Udenfor asylet (“Spillemand spiller på strenge”),SV8,spillemand-spiller-paa-straenge,»Spillemand spiller paa Strænge,prefix,candidate
1946,"En digters sidste sang (Løft mig kun bort, du stærke død)",SV8,loeft-mig-kun-bort-du-staerke-doed,"Løft mig kun bort, Du stærke Død",exact,candidate
1947,Med Hegels Philosophie der Geschichte (Med hellig hjertebanken),SV8,med-hellig-hjertebanken,Med hellig Hjertebanken,exact,candidate
1948,Med Rückerts “Gedichte” (Rückert som en fugl sig svinger),SV8,rueckert-som-en-fugl-sig-svinger,Rückert som en Fugl sig svinger,exact,candidate
1951,Til den lille Gerda Collins sørgende forældre  (Den lange nat I skiftevis tilsammen),SV8,den-lange-nat-i-skifteviis-tilsammen,Den lange Nat I skifteviis tilsammen,prefix,candidate
1952,Epilog fremsagt af Hr. Cetti ved hans sidste Fremtrædelse paa Scenen den 14de Mai 1845. (Endt er Rollen! endt den sidste Aften).,SV8,endt-er-rollen-endt-den-sidste-aften,Endt er Rollen! endt den sidste Aften,exact,candidate
1953,"Fru konferensrådinde Collin født Hornemann (Hvor lykkeligt, som du at slumre ind)",SV8,hvor-lykkeligt-som-du-at-slumre-ind,"Hvor lykkeligt, som Du at slumre ind",exact,candidate
1954,Den 27de Mai 1845. Kjøbenhavn. Trykt i Bianco Lunos Bogtrykkeri. (Vaaren gi'er Kys og Alting springer ud).,SV8,vaaren-gier-kys-og-alting-springer-ud,Vaaren gi’er Kys og Alting springer ud,exact,candidate
1955,"Sang ved afsløringen af mindestøtten for højsalig kong Frederik den Sjette (Kong Frederik den Sjette, Gud gav ham mange år)",SV8,kong-frederik-den-sjette-gud-gav-ham-mange-aar,"Kong Frederik den Sjette, Gud gav ham mange Aar",exact,candidate
1958,Sang i skoven (Her under skovens grønne tag),SV8,her-under-skovens-groenne-tag,Her under Skovens grönne Tag,exact,candidate
1959,I Jenny Linds album (Folkesangen har en verden inde),SV8,folkesangen-har-en-verden-inde,Folkesangen har en Verden inde,exact,candidate
1961,Til maleren Gertner  (Hans rige ånd i værker Danmark arver),SV8,hans-rige-aand-i-vaerker-danmark-arver,Hans rige Aand i Værker Danmark arver,exact,candidate
1963,"Danserinden - Ganymed - Amor og Psyche (Thorvaldsen IV (Kunstner, mild og stor, som få!)",SV8,kunstner-mild-og-stor-som-faa,"Kunstner, mild og stor, som faa!",exact,candidate
1964,(Med et par tekopper)  (Hvad Baggesen har sagt du tit gentage),SV8,hvad-baggesen-har-sagt-du-tidt-gjentage,Hvad Baggesen har sagt Du tidt gjentage,prefix,candidate
1986,"Hvad den lille hund siger (Jeg vil til benet, jeg vil til fadet)",SV8,jeg-vil-til-benet-jeg-vil-til-fadet,"Jeg vil til Benet, jeg vil til Fadet",exact,candidate
1987,(Her Wilken gik og voxte op).,SV8,her-wilken-gik-og-voxte-op,Her Wilken gik og voxte op,exact,candidate
1990,"Romance (Langt, langt fra hjemmets kyst)",SV8,langt-langt-fra-hjemmets-kyst,"Langt, langt fra Hjemmets Kyst",exact,candidate
1991,"Gehejmeråd J. Collin II  (Alverden rejser nu, det er jo moden,)",SV8,alverden-reiser-nu-det-er-jo-moden,"Alverden reiser nu, det er jo Moden",exact,candidate
1993,"""For Danmark!"" (Det er en stor alvorlig tid)",SV8,det-er-en-stor-alvorlig-tid,Det er en stor alvorlig Tid,exact,candidate
1994,"Den frivillige. (Jeg kan ikke blive, jeg har ingen ro)",SV8,jeg-kan-ikke-blive-jeg-har-ingen-ro,"Jeg kan ikke blive, jeg har ingen Ro",exact,candidate
1997,Indledende småvers 1. (Den ældre søster med sin broder står),SV8,den-aeldre-soester-med-sin-broder-staaer,Den ældre Søster med sin Broder staaer,prefix,candidate
2003,"Soldatens sang til Dannebrog (Vor gamle fane, vort Dannebrog)",SV8,vor-gamle-fane-vort-dannebrog,"Vor gamle Fane, vort Dannebrog",exact,candidate
2004,"Til hendes Majestæt enkedronning Marie Sophie Frederikke (Der var en tid, da under havens hække)",SV8,der-var-en-tid-da-under-havens-haekke,"Der var en Tid, da under Havens Hække",exact,candidate
2006,Poesien (Der er et herligt land),SV8,der-er-et-herligt-land,Der er et herligt Land,exact,candidate
2007,"Slåentjørnen  (Vor junker kom i skoven, der Grethe han så)",SV8,vor-junker-kom-i-skoven-der-grethe-han-saae,"Vor Junker kom i Skoven, der Grethe han saae",prefix,candidate
2010,(Vor Tid omskifter Stort og Smaat).,SV8,vor-tid-omskifter-stort-og-smaat,Vor Tid omskifter Stort og Smaat,exact,candidate
2011,"Adam Oehlenschläger  (Farvel, du største skjald i Norden)",SV8,farvel-du-stoerste-skjald-i-norden,"Farvel, Du største Skjald i Norden!",exact,candidate
2013,"Danmark, mit fædreland (I Danmark er jeg født, der har jeg hjemme)",SV8,i-danmark-er-jeg-foedt-der-har-jeg-hjemme,"I Danmark er jeg født, der har jeg hjemme",exact,candidate
2016,Baronens vise (1) (Ole Lukøje) (Hvor skoven dog er frisk og stor),SV8,hvor-skoven-dog-er-frisk-og-stor,Hvor Skoven dog er frisk og stor,exact,candidate
2019,Maleren Sonne  (Til lærredet et billede du bandt),SV8,til-laerredet-et-billede-du-bandt,Til Lærredet et Billede Du bandt,exact,candidate
2020,Oberst Læssøe (På valpladsen faldt du for Danmarks sag),SV8,paa-valpladsen-faldt-du-for-danmarks-sag,Paa Valpladsen faldt Du for Danmarks Sag,exact,candidate
2021,Til landsoldaten (Vor tanke flyver til lejren),SV8,vor-tanke-flyver-til-leiren,Vor Tanke flyver til Leiren,exact,candidate
2022,H. C. Ørsted (Da tanke-lynet udsprang fra din pande),SV8,da-tanke-lynet-udsprang-fra-din-pande,Da Tanke Lynet udsprang fra Din Pande,exact,candidate
2023,"Organist August Wilhelm Hartmann (Toner, som du engang hørte)",SV8,toner-som-du-engang-hoerte,"Toner, som Du engang hörte",exact,candidate
2030,Landsoldatens hjemkomst  (Det er som en festdag hver evige dag),SV8,det-er-som-en-festdag-hver-evige-dag,Det er som en Festdag hver evige Dag,exact,candidate
2031,(Med Seirens Grønt Soldaterne hjemdrage).,SV8,med-seirens-groent-soldaterne-hjemdrage,Med Seirens Grönt Soldaterne hjemdrage,exact,candidate
2032,Herregårdsskytterne (Som tegn om gamle tider hjemme),SV8,som-tegn-om-gamle-tider-hjemme,Som Tegn om gamle Tider hjemme,exact,candidate
2033,"""Fremad!"" (Fremad! frem, I danske drenge)",SV8,fremad-frem-i-danske-drenge,"Fremad! frem, I danske Drenge!",exact,candidate
2034,Matrosen (Min lussing skal jeg give),SV8,min-lussing-skal-jeg-give,Min Lussing skal jeg give,exact,candidate
2035,"Nytårsaften 1848 (Farvel, farvel, du gamle år)",SV8,farvel-farvel-du-gamle-aar,"Farvel, farvel, Du gamle Aar",exact,candidate
2037,Nytårsaften 1850 (Endnu en sang i dette år),SV8,endnu-en-sang-i-dette-aar,Endnu en Sang i dette Aar,exact,candidate
2038,"Hilsen af norske og svenske frivillige, som deltog i kampen de to første krigsår (Velsignet er den dag i dag)",SV8,velsignet-er-den-dag-i-dag,Velsignet er den Dag i Dag!,exact,candidate
2039,"H. C. Ørsted  (Han var så sand, han var så ejegod)",SV8,han-var-saa-sand-han-var-saa-eiegod,"Han var saa sand, han var saa eiegod",exact,candidate
2040,Fru Emma Hartmann  (Her et hjerte har hørt op at banke),SV8,her-et-hjerte-har-hoert-op-at-banke,Her et Hjerte har hørt op at banke,exact,candidate
2041,Brudehuset II  (Hvor Kongeåen skinner imellem vårens grønt),SV8,hvor-kongeaaen-skinner-imellem-vaarens-groent,Hvor Kongeaaen skinner imellem Vaarens Grönt,exact,candidate
2044,"Peters vise (1) (Hyldemor) (Det gamle træ, o lad det stå)",SV8,det-gamle-trae-o-lad-det-staa,"Det gamle Træ, o lad det staa",exact,candidate
2046,Hjemmet (Når hjemme man på gadens bræt),SV8,naar-hjemme-man-paa-gadens-braet,Naar hjemme man paa Gadens Bræt,exact,candidate
2047,Stakkels Mary Anne (Under gravens græstørv sover),SV8,under-gravens-graestoerv-sover,Under Gravens Græstørv sover,exact,candidate
2048,"Vandring i skoven  (Min søde brud, min unge viv)",SV8,min-soede-brud-min-unge-viv,"Min søde Brud, min unge Viv",exact,candidate
2051,"I brudehuset III  (Der er en ø, derhen fra hele landet,)",SV8,der-er-en-oe-derhen-fra-hele-landet,"Der er en Ö, derhen fra hele Landet",exact,candidate
2053,Digteren Frederik Høegh Guldberg  (En gammel ædel skjald os her forlod),SV8,en-gammel-aedel-skjald-os-her-forlod,"En gammel, ædel Skjald os her forlod",exact,candidate
2054,"Danmark (Er grunden god, så er der godt at bygge)",SV8,er-grunden-god-saa-er-der-godt-at-bygge,"Er Grunden god, saa er der godt at bygge",exact,candidate
2056,Ved Efterslægtselskabets stiftelsesfest 1  (Foruden hjemmet i de unge år),SV8,foruden-hjemmet-i-de-unge-aar,Foruden Hjemmet i de unge Aar,exact,candidate
2060,"Til fru Johanne Louise Heiberg (Rul op, rul op du tæppe som)",SV8,rul-op-rul-op-du-taeppe-som,"Rul op! rul op du Tæppe, som",exact,candidate
2061,Balletpersonalets hilsen til fru J. L. Heiberg  (Velkommen i sin hal dig byder),SV8,velkommen-i-sin-hal-dig-byder,Velkommen i sin Hal Dig byder,exact,candidate
2063,"Til hendes Majestæt enkedronning Caroline Amalie (Ved Lyngby, nær ved sø og sivgroet mose)",SV8,ved-lyngby-naer-ved-soe-og-sivgroet-mose,"Ved Lyngby, nær ved Sø og sivgroet Mose",exact,candidate
2064,Sange ved Det kongelige Opfostringshus’s hundredårige fest  (Det er så godt at mødes),SV8,det-er-saa-godt-at-moedes,Det er saa godt at mödes,exact,candidate
2065,Sang ved fru Malle Drewsens fødselsfest på Silkeborg  (Om Jylland mange det kun ved),SV8,om-jylland-mange-det-kun-veed,Om Jylland Mange det kun veed,prefix,candidate
2066,Salme (Som bladet der fra træet falder),SV8,som-bladet-der-fra-traeet-falder,Som Bladet der fra Træet falder,exact,candidate
2067,Sang til de Nygifte. October 1853. Trykt hos J. D. Qvist. (Fornylig var der en Spørgen om).,SV8,fornylig-var-der-en-spoergen-om,Fornylig var der en Spörgen om,exact,candidate
2068,Sang ved Femogtyveaars Festen for Studenter fra 1828. October 1853. IV. Kjøbenhavn. Trykt i S. L. Møllers Bogtrykkeri. (Saa er vi sammen da igjen ved Bordet).,SV8,saa-er-vi-sammen-da-igjen-ved-bordet,Saa er vi sammen da igjen ved Bordet,exact,candidate
2069,Silkeborg (Hvor klostret stod ved søens siv),SV8,hvor-klostret-stod-ved-soeens-siv,Hvor Klostret stod ved Søens Siv,exact,candidate
2070,Ved kransens hejsning på Grandjeans nye gård  (Fra gammel tid en gård her stod),SV8,fra-gammel-tid-en-gaard-her-stod,Fra gammel Tid en Gaard her stod,exact,candidate
2071,Til Jonas Collin 2.  (Lad januari atterkomst),SV8,lad-januari-atterkomst,Lad Januari Atterkomst,exact,candidate
2073,"Rigmor  (Du er som en fugl, og så ellevild)",SV8,du-er-som-en-fugl-og-saa-ellevild,Du er som en Fugl og saa ellevild,exact,candidate
2074,"Ved indvielsen af den Bingske porcelænsfabrik  (Man siger, at ved alfarvej)",SV8,man-siger-at-ved-alfarvei,Man siger at ved Alfarvei,exact,candidate
2076,Langelandsk folkemelodi (Hun mig har glemt! Min sorg hun ej se),SV8,hun-mig-har-glemt-min-sorg-hun-ei-see,Hun mig har glemt! Min Sorg hun ei see!,prefix,candidate
2077,"Med en Almanak. (Opad Bakken, ned af Bakken)",SV8,opad-bakken-ned-af-bakken,"Opad Bakken, ned af Bakken",exact,candidate
2083,Hilsen Nytaars Nat. (Og nu Farvel Du gamle Aar).,SV8,og-nu-farvel-du-gamle-aar,Og nu Farvel Du gamle Aar,exact,candidate
2084,Ved en vens afrejse til Paris!” (Hør venners stemme; drik og spis “),SV8,hoer-venners-stemme-drik-og-spiis,Hør Venners Stemme: drik og spiis!,prefix,candidate
2088,Prolog og epilog (En aftenunderholdning med bevilling),SV8,en-aftenunderholdning-med-bevilling,En Aftenunderholdning med Bevilling,exact,candidate
2090,Med Lamartines Rejse i Orienten)  (Imellem bogens ryg og rand),SV8,imellem-bogens-ryg-og-rand,Imellem Bogens Ryg og Rand,exact,candidate
2093,Med en bog-kniv (Med denne kniv kan du sprætte op),SV8,med-denne-kniv-kan-du-spraette-op,Med denne Kniv kan Du sprætte op,exact,candidate
2094,Med en feltflaske (Mens sneen fyger hid og did),SV8,mens-sneen-fyger-hid-og-did,Mens Sneen fyger hid og did,exact,candidate
2095,"H. C. Andersens Eventyr  (Her har du nøglen, om jeg så tør sige)",SV8,her-har-du-noeglen-om-jeg-saa-toer-sige,"Her har Du Nøglen, om jeg saa tør sige",exact,candidate
2098,Med et spejl (Lykkens yndling er du af naturen),SV8,lykkens-yndling-er-du-af-naturen,Lykkens Yndling er Du af Naturen,exact,candidate
2099,Med en broncehest som papirpresser. Til en dansk statsmand. (Her kommer en hest på flyvende fire),SV8,her-kommer-en-hest-paa-flyvende-fire,Her kommer en Hest paa flyvende Fire,exact,candidate
2103,"Med ""Molbechs eventyr"" (Her åbnes dig et slot med tusind sale)",SV8,her-aabnes-dig-et-slot-med-tusind-sale,Her aabnes Dig et Slot med tusind Sale,exact,candidate
2113,(Dagen stiger),SV8,dagen-stiger,Dagen stiger,exact,candidate
2138,Den unge herr Petersen (Og det var den unge herr Petersen),SV8,og-det-var-den-unge-herr-petersen,»Og det var den unge Herr Petersen,exact,candidate
2143,Grev Joachim Moltke-Bregentved (Tænk kun på ham hvis støv er graven bragt),SV8,taenk-kun-paa-ham-hvis-stoev-er-graven-bragt,Tænk kun paa ham hvis Støv er Graven bragt,exact,candidate
2144,Tro det Bedste. (Vort Jordliv er kun Regn og Rusk).,SV8,vort-jordliv-er-kun-regn-og-rusk,»Vort Jordliv er kun Regn og Rusk,exact,candidate
2145,Jonas Collin (I stuen hænger et familiebilled),SV8,i-stuen-haenger-et-familie-billed,I Stuen hænger et Familie-Billed,prefix,candidate
2146,Sophie Gade født Hartmann (En moder rives bort fra sine små),SV8,en-moder-rives-bort-fra-sine-smaa,En Moder rives bort fra sine Smaa,exact,candidate
2147,Stemninger (Hvil sødt),SV8,hvil-soedt,Hvil sødt,exact,candidate
2148,"Stemninger I (Du pebersvend, vor sang du ved)",SV8,du-pebersvend-vor-sang-du-veed,"»Du Pebersvend, vor Sang Du veed",prefix,candidate
2149,Christian Winther (Han snitted i træet - der dufted),SV8,han-snitted-i-traeet-der-dufted,"Han snitted’ i Træet, – der dufted’",exact,candidate
2150,"(Det er en Høitidsfest, en Glædes Dag).",SV8,det-er-en-hoeitidsfest-en-glaedes-dag,"Det er en Høitidsfest, en Glædes Dag",exact,candidate
2151,"(See, nu er alt istand, og de veed godt)",SV8,see-nu-er-alt-istand-og-de-veed-godt,"See, nu er Alt istand, og de veed godt",exact,candidate
2152,"(Den Sang jo klinger, som en Menuet).",SV8,den-sang-jo-klinger-som-en-menuet,"Den Sang jo klinger, som en Menuet!",exact,candidate
2153,(Ja gamle Minder! - derfor gik han bort).,SV8,ja-gamle-minder-derfor-gik-han-bort,Ja gamle Minder! – derfor gik han bort,exact,candidate
2154,"(»I Dag er Fridag!« siger han, »men Børn«).",SV8,i-dag-er-fridag-siger-han-men-boern,"»I Dag er Fridag!« siger han, »men Børn",exact,candidate
2155,(De storme bort! det er et Veir derude).,SV8,de-storme-bort-det-er-et-veir-derude,De storme bort! det er et Veir derude,exact,candidate
2156,Christian Wulff  (Den vide verden få kun nævne kan),SV8,den-vide-verden-faa-kun-naevne-kan,Den vide Verden Faa kun nævne kan,exact,candidate
2157,Til kong Frederik den Syvende  ved hans ankomst i Det kongelige Teater (Blandt Nordens Lande Danmark er en have),SV8,blandt-nordens-lande-danmark-er-en-have,Blandt Nordens Lande Danmark er en Have,exact,candidate
2158,"Efter genoptagelsen af Holbergs ""De usynlige"" (Hos Holberg elskov er pedanteri,)",SV8,hos-holberg-elskov-er-pedanteri,»Hos Holberg Elskov er Pedanteri,exact,candidate
2160,Et par ord ved scenens genåbning den 1. december 1857 (På Kongens Nytorv stod et gammelt hus),SV8,paa-kongens-nytorv-stod-et-gammelt-huus,Paa Kongens Nytorv stod et gammelt Huus,prefix,candidate
2162,Henriette Wulff (I det brændende skib på det rullende hav),SV8,i-det-braendende-skib-paa-det-rullende-hav,"I det brændende Skib, paa det rullende Hav",exact,candidate
2163,"Augusta Petzholdt og Gottlieb Collin (Sølvbryllupssange V) (Så hurtigt flyver tiden,)",SV8,saa-hurtigt-flyver-tiden,Saa hurtigt flyver Tiden,exact,candidate
2165,"Adam Holst (Du, dine forældres glæde,)",SV8,du-dine-foraeldres-glaede,"Du, dine Forældres Glæde",exact,candidate
2166,Augusta Jøhnke og Carl Reitzel(Bryllupssange  VI) (Ved festligt bord nu tømmes skal pokalen),SV8,ved-festligt-bord-nu-toemmes-skal-pokalen,Ved festligt Bord nu tømmes skal Pokalen,exact,candidate
2167,Sang ved Frøken Louise Ipsen's og Hr. C. St. A. Bille's Bryllup den 8. Juni 1859. Sally B. Salomons Tryk. (I Hedelandet Blomsten stod).,SV8,i-hedelandet-blomsten-stod,I Hedelandet Blomsten stod,exact,candidate
2168,Sang ved Kong Frederik den Syvendes ankomst i Det kongelige Teater (Det danske land er guldets land),SV8,det-danske-land-er-guldets-land,Det danske Land er Guldets Land,exact,candidate
2169,Ved årsskifter  I (Et nyfødt år på verdensstrømmen glider),SV8,et-nyfoedt-aar-paa-verdensstroemmen-glider,Et nyfødt Aar paa Verdensstrømmen glider,exact,candidate
2173,"Digt fremsagt af Skuespiller W. Holst ved Kunstnerkarnevalet i Casino den 20. Marts 1860. (Hvor før, som en Bouquet paa Vandet laa).",SV8,hvor-foer-som-en-bouquet-paa-vandet-laa,"Hvor før, som en Bouquet paa Vandet laa",exact,candidate
2174,Sang til Kong Frederik den Syvende ved hans ankomst i Det kongelige Akademi for de Skønne Kunster (I kunstens hal vi træder ind),SV8,i-kunstens-hal-vi-traede-ind,I Kunstens Hal vi træde ind,prefix,candidate
2177,"En forårsfest i Rom (""Nu skriv en vise!"" blev der sagt)",SV8,nu-skriv-en-vise-blev-der-sagt,»Nu skriv en Vise!« blev der sagt,exact,candidate
2180,Johanne Louise Heibergs statue (Omkring dit billed her i marmorstenen),SV8,omkring-dit-billed-her-i-marmorstenen,Omkring dit Billed her i Marmorstenen,exact,candidate
2181,Med en afbildning  (Alt skifter om på tidens bud),SV8,alt-skifter-om-paa-tidens-bud,Alt skifter om paa Tidens Bud,exact,candidate
2185,"A. de Neergård og O. C. Kahrs (Bryllupssange VIII) (Nu er den tid, som allerbedst)",SV8,nu-er-den-tid-som-allerbedst,"Nu er den Tid, som allerbedst",exact,candidate
2186,I Afrika (Jeg er ovre i Marokko),SV8,jeg-er-ovre-i-marokko,Jeg er ovre i Marokko!,exact,candidate
2188,Brev til digteren Christian Winther (Et digt forlanger De! jeg ejer intet),SV8,et-digt-forlanger-de-jeg-eier-intet,Et Digt forlanger De! jeg eier intet,exact,candidate
2192,"Malaga 8 (I Norden, i kakkelovnskrogen)",SV8,i-norden-i-kakkelovnskrogen,"I Norden, i Kakkelovnskrogen",exact,candidate
2194,"Afsked med Toledo (Vær hilset, du fortids Toledo)",SV8,vaer-hilset-du-fortids-toledo,Vær hilset Du Fortids Toledo,exact,candidate
2195,Alhambra (Som en æolsharpe brudt itu),SV8,som-en-aeolsharpe-brudt-itu,"Som en Æolsharpe, brudt itu",exact,candidate
2197,"Afsked med Spanien (Spanien, hvilken rigdom har du)",SV8,spanien-hvilken-rigdom-har-du,"Spanien, hvilken Rigdom har Du",exact,candidate
2198,Sang ved Herr Lauritz Eckardt's og Frøken Josephine Thorberg's Bryllup den 17de Juni 1863. (Hvor Holger Danske boer paa Sundets Hjørne),SV8,hvor-holger-danske-boer-paa-sundets-hjoerne,Hvor Holger Danske boer paa Sundets Hjørne,exact,candidate
2199,"Sang ved Frøken Pauline Brøndums og Hr. Nicolai Ørsteds Bryllup den 2den September 1863. (I Skriften staaer: »det er ei godt, at Mennesket er ene«).",SV8,i-skriften-staaer-det-er-ei-godt,I Skriften staaer: »det er ei godt,prefix,candidate
2204,Malaga 3 (Flodlejet ligger udtørret),SV8,flodleiet-ligger-udtoerret,Flodleiet ligger udtørret,exact,candidate
2207,Malaga 7 (Som en lotus på den stille sø),SV8,som-en-lotus-paa-den-stille-soe,Som en Lotus paa den stille Sø,exact,candidate
2211,"Granada I , 4 (Jeg leve vil i Granada)",SV8,jeg-leve-vil-i-granada,Jeg leve vil i Granada,exact,candidate
2213,"Granada II, 2 (Giv af dit hjerte til folk og til slægt)",SV8,giv-af-dit-hjerte-til-folk-og-til-slaegt,Giv af dit Hjerte til Folk og til Slægt,exact,candidate
2214,"Granada II, 3 (Den, som jeg gav af mit hjerteblod)",SV8,den-som-jeg-gav-af-mit-hjerteblod,"Den, som jeg gav af mit Hjerteblod",exact,candidate
2219,Cigaren (Cigarens glød er et ildsted),SV8,cigarens-gloed-er-et-ildsted,Cigarens Glød er et Ildsted,exact,candidate
2237,"Ved landgrevinde Louise Charlottes bisættelse i Roskilde Domkirke   (I kongesal, i armods stue,)",SV8,i-kongesal-i-armods-stue,"I Kongesal, i Armods Stue",exact,candidate
2238,Forvisning (Endnu er ej Danmark en kæmpegrav),SV8,endnu-er-ei-danmark-en-kaempegrav,Endnu er ei Danmark en Kæmpegrav,exact,candidate
2239,"Clara Hartmann og August Winding (Bryllupssange IX) (I prøvens tid, på alvors dag)",SV8,i-proevens-tid-paa-alvors-dag,"I Prøvens Tid, paa Alvors Dag",exact,candidate
2240,Trøst i tro (Skal vi ej mere synge igen),SV8,skal-vi-ei-mere-synge-igjen,Skal vi ei mere synge igjen,prefix,candidate
2241,Jeg har en angst som aldrig før (Jeg har en angst som aldrig før),SV8,jeg-har-en-angst-som-aldrig-foer,Jeg har en Angst som aldrig før,exact,candidate
2242,Med prinsesse Dagmars portræt  (I Danmark navnet Dagmar er fyrstinden),SV8,i-danmark-navnet-dagmar-er-fyrstinden,I Danmark Navnet Dagmar er Fyrstinden,exact,candidate
2244,Ved efterretningen om Michael Wiehes død (Det er en trængsels tid med tab på tab),SV8,det-er-en-traengsels-tid-med-tab-paa-tab,Det er en Trængsels Tid med Tab paa Tab,exact,candidate
2245,Slutnings-Sang. Den 16. Februar 1865. Trykt hos S. Trier. Mel.: Vift stolt paa Codans Bølge. (»Farvel« i Billedrække).,SV8,farvel-i-billedraekke,»Farvel« i Billedrække,exact,candidate
2246,"Louise Collin og B.C.W. Lind (Sølvbryllupssange VI) (Erindrer du -? Ja, det er længe siden)",SV8,erindrer-du-ja-det-er-laenge-siden,Erindrer Du –? Ja det er længe siden,exact,candidate
2248,Vers-vignet (På ungdommens friske rosenblad),SV8,paa-ungdommens-friske-rosenblad,Paa Ungdommens friske Rosenblad,exact,candidate
2249,Et besøg i Portugal 1866 6 (Du evighedens gåde),SV8,du-evighedens-gaade,Du Evighedens Gaade,exact,candidate
2251,Danske poeter i buket  (En mindets urtekost du her skal få),SV8,en-mindets-urtekost-du-her-skal-faae,En Mindets Urtekost du her skal faae,prefix,candidate
2253,(Hun drømte om Alfer i Stuens Krog).,SV8,hun-droemte-om-alfer-i-stuens-krog,Hun drömte om Alfer i Stuens Krog,exact,candidate
2255,(Jeg er en Dame med Slæb og Maneer).,SV8,jeg-er-en-dame-med-slaeb-og-maneer,Jeg er en Dame med Slæb og Maneer,exact,candidate
2256,"(Jovist faaer du Sukker, men før det kan skee).",SV8,jovist-faaer-du-sukker-men-foer-det-kan-skee,Jovist faaer Du Sukker men för det kan skee,exact,candidate
2257,(Med fire Heste jeg flyver afsted).,SV8,med-fire-heste-jeg-flyver-afsted,Med fire Heste jeg flyver afsted,exact,candidate
2258,(Læs Aftenbønnen før du sover ind).,SV8,laes-aftenboennen-foer-du-sover-ind,Læs Aftenbönnen för Du sover ind,exact,candidate
2259,Epiloger III (En epilog - dens kreds går vidt),SV8,en-epilog-dens-kreds-gaaer-vidt,En Epilog – dens Kreds gaaer vidt,prefix,candidate
2260,"Riimbrev til den lille Thea. (Min lille, velsignede Thea, Jo, Du er rigtig min Ven!).",SV8,min-lille-velsignede-thea,"Min lille, velsignede Thea",prefix,candidate
2262,Johanne Melchior og J. B. Melchior(Bryllupssange XI) (Smyk huset smukt med festligt flag),SV8,smyk-huset-smukt-med-festligt-flag,Smyk Huset smukt med festligt Flag,exact,candidate
2263,"Uden Haab. (Solen alt synker, Bølgerne gaae).",SV8,solen-alt-synker-boelgerne-gaae,"Solen alt synker, Bølgerne gaae",exact,candidate
2264,På sølvbryllupsfesten (Fra Vilhelm Tells til Palnatokes hjem),SV8,fra-vilhelm-tells-til-palnatokes-hjem,Fra Vilhelm Tells til Palnatokes Hjem,exact,candidate
2265,"Lucia Scavenius og Carl Castenskjold (Bryllupssange XII) (I gammelt sagn, i tider mørke, hårde)",SV8,i-gammelt-sagn-i-tider-moerke-haarde,"I gammelt Sagn, i Tider mørke, haarde",exact,candidate
2266,Efter H. Heine  (I mit bryst er klokkeklang),SV8,i-mit-bryst-er-klokkeklang,I mit Bryst er Klokkeklang,exact,candidate
2268,"I dødsstunden (Jeg er så glad, så sjælefro)",SV8,jeg-er-saa-glad-saa-sjaelefro,"Jeg er saa glad, saa sjælefro",exact,candidate
2269,"Sneglespyt (Den våde, sorte snegl ved rosen sad)",SV8,den-vaade-sorte-snegl-ved-rosen-sad,"Den vaade, sorte Snegl ved Rosen sad",exact,candidate
2271,"Møllerens datter (Bag ellekrattet nede, hvor møllehjulet går)",SV8,bag-ellekrattet-nede-hvor-moellehjulet-gaaer,"Bag Ellekrattet nede, hvor Møllehjulet gaaer",prefix,candidate
2272,Juletid (“Halleluja”! sang englehæren),SV7,halleluja-sang-englehaeren,»Halleluja!« sang Englehæren,exact,candidate
2273,"Negerkongens datter (Nøgen, uden guld og brillianter)",SV8,noegen-uden-guld-og-brillanter,"Nøgen, uden Guld og Brillanter",prefix,candidate
2274,Rejselængsel (Ned til Rhinen!),SV8,ned-til-rhinen,Ned til Rhinen!,exact,candidate
2276,(Med Billed tæt ved Billed her blev skrevet).,SV8,med-billed-taet-ved-billed-her-blev-skrevet,Med Billed tæt ved Billed her blev skrevet,exact,candidate
2281,Alt farer hen som vinden (Lykke-Peer) (Alt farer hen som vinden),SV8,alt-farer-hen-som-vinden,Alt farer hen som Vinden,exact,candidate
2282,Korsør (Oppe fra vinduet i Banehotellet),SV8,oppe-fra-vinduet-i-banehotellet,Oppe fra Vinduet i Banehotellet,exact,candidate
2284,"Deres kongelige højheder kronprins Frederik og prinsesse Lovisa, (Fra Nordens ishav ned til Østersøen)",SV8,fra-nordens-ishav-ned-til-oestersoeen,Fra Nordens Ishav ned til Østersøen,exact,candidate
2285,Liden Kirsten og prins Buris (Der var en duft af det friske hø),SV8,der-var-en-duft-af-det-friske-hoe,Der var en Duft af det friske Hø,exact,candidate
2287,End ligger jorden i sneens svøb  (Lykke-Peer) (End ligger jorden i sneens svøb),SV8,end-ligger-jorden-i-sneens-svoeb,End ligger Jorden i Sneens Svøb,exact,candidate
2288,Sang ved afsløringen af mindestøtten på Holsteinborg  (Der var en tid - til træl var bonden kåren),SV8,der-var-en-tid-til-trael-var-bonden-kaaren,"Der var en Tid, – til Træl var Bonden kaaren",exact,candidate
2290,Børnenes skål  (Vi har fra Østerland et eventyr),SV8,vi-har-fra-oesterland-et-eventyr,Vi har fra Østerland et Eventyr,exact,candidate
2293,"Hofjuveler Michelsen og hustru, født Hansen  (Sølvbryllupssange VIII) (Sølvbryllupsklokker ringer. Hør!)",SV8,soelvbryllupsklokker-ringe-hoer,Sølvbryllupsklokker ringe. Hør!,prefix,candidate
2296,Lille Pouls Tale ved Bedsteforældrenes Sølvbryllupsfest. (Vil De nu være stille i Stuer og Sale).,SV8,vil-de-nu-vaere-stille-i-stuer-og-sale,Vil De nu være stille i Stuer og Sale,exact,candidate
2299,Stormfloden (Stormen fløj ud med dødsbud og rædsler),SV8,stormen-floei-ud-med-doedsbud-og-raedsler,Stormen fløi ud med Dødsbud og Rædsler,exact,candidate
2302,"Til J. P. E. Hartmann  (Velan, lad os de gamle minder skue)",SV8,velan-lad-os-de-gamle-minder-skue,"Velan, lad os de gamle Minder skue!",exact,candidate
2303,Oldingen (Foran den store indgang nu jeg står),SV8,foran-den-store-indgang-nu-jeg-staaer,Foran den store Indgang nu jeg staaer,prefix,candidate
2304,"Billedstormerne  (Hensvundne tid, i graven lagt)",SV8,hensvundne-tid-i-graven-lagt,"Hensvundne Tid, i Graven lagt",exact,candidate
2307,"Lille Svends udtalelse om vejrliget (Det er et løjerligt vejr, vi har!)",SV8,det-er-et-loejerligt-vejr-vi-har,Det er et løjerligt Vejr vi har!,exact,candidate
2308,Et barns skriftemål (I regning er jeg noget sen),SV8,i-regning-er-jeg-noget-sen,I Regning er jeg noget sen,exact,candidate
2309,Miraklet (Fra pyramiden i ørkenens sand),SV8,fra-pyramiden-i-oerkenens-sand,Fra Pyramiden i Ørkenens Sand,exact,candidate
2310,"""Den korteste nat""  (Kløverblomst! så sød er duften)",SV8,kloeverblomst-saa-soed-er-duften,Kløverblomst! saa sød er Duften,exact,candidate
2311,Mit barndoms hjem (Nær Odense Munkemølle),SV8,naer-odense-munkemoelle,Nær Odense-Munkemølle,exact,candidate
2312,Tunge timer  (Vor tid skriver nu på sin visdomsbog),SV8,vor-tid-skriver-nu-paa-sin-viisdoms-bog,Vor Tid skriver nu paa sin Viisdoms Bog,prefix,candidate
2314,"En splinterny dansevise  (Spil lystigt på violen,  )",SV7,spil-lystigt-paa-violen,Spil lystigt paa Violen,exact,candidate
2315,Jagtherrens skål (Diana selv med falk på hånd),SV8,diana-selv-med-falk-paa-haand,Diana selv med Falk paa Haand,exact,candidate
2317,Sang. (For Lunet og det Skjønne).,SV8,for-lunet-og-det-skjoenne,For Lunet og det Skjønne,exact,candidate
2321,"Til maleren Carl Bloch (Det var udstillingstiden på Charlottenborg,)",SV8,det-var-udstillingstiden-paa-charlottenborg,Det var Udstillingstiden paa Charlottenborg,exact,candidate
2322,Fyn og Schweiz (Odins ø med Palnatokes grav),SV8,odins-oe-med-palnatokes-grav,Odins Ø med Palnatokes Grav,exact,candidate
2324,"Asylsang (Hør, spurven derude)",SV8,hoer-spurven-derude,"Hør, Spurven derude",exact,candidate
2326,Med en del sparebøsser  (Hver dag læg hen som hjertets tavlepenge),SV8,hver-dag-laeg-hen-som-hjertets-tavlepenge,Hver Dag læg hen som Hjertets Tavlepenge,exact,candidate
2328,Romance  (I aftensolens stråler skyen svømmer),SV8,i-aftensolens-straaler-skyen-svoemmer,I Aftensolens Straaler Skyen svømmer,exact,candidate
2329,Småvers 12 (Jeg er ej længer i ungdomstid),SV8,jeg-er-ei-laenger-i-ungdomstid,Jeg er ei længer i Ungdomstid,exact,candidate
2330,Vandrerens sang (Hvor stormen løfter højt sin stærke stemme),SV8,hvor-stormen-loefter-hoeit-sin-staerke-stemme,Hvor Stormen løfter høit sin stærke Stemme,exact,candidate
2331,Brev til fru Saabye (Min nådige frue! - De må vide),SV8,min-naadige-frue,Min naadige Frue!,prefix,candidate
2332,"Til hende (Du spurgte: ""Hvad er Deres bedste sang)",SV8,du-spurgte-hvad-er-deres-bedste-sang,Du spurgte: »Hvad er Deres bedste Sang?,exact,candidate
2333,Den gang vi endnu  havde vår (Den gang vi endnu  havde vår),SV8,den-gang-vi-endnu-havde-vaar,Den Gang vi endnu havde Vaar,exact,candidate
2334,"Jeg fik et brev fra hende, som du ved (Jeg fik et brev fra hende, som du ved)",SV8,jeg-fik-et-brev-fra-hende-som-du-veed,"Jeg fik et Brev fra hende, som Du veed",prefix,candidate
2337,Den stille uge  (Den stille uges sørgetid),SV8,den-stille-uges-soergetid,Den stille Uges Sørgetid,exact,candidate
2338,"Vise (Min ven, lad alt dig more Vise)",SV8,min-ven-lad-alt-dig-more,"Min Ven, lad Alt Dig more!",prefix,candidate
2340,"Brudefolkene  (På bane nu, på bane!)",SV8,paa-bane-nu-paa-bane,"Paa Bane nu, paa Bane!",exact,candidate
2341,"Til Sophie Gade, født Hartmann (Min egen stærke dreng, min fine pige)",SV8,min-egen-staerke-dreng-min-fine-pige,"Min egen stærke Dreng, min fine Pige",exact,candidate
2342,Ved årsskifter III (Det nye år kommer susende),SV8,det-nye-aar-kommer-susende,Det nye Aar kommer susende,exact,candidate
2343,"Ved soldaternes hjemkomst i 1864 (Vor brave soldat, som så ærligt har strid)",SV8,vor-brave-soldat-som-saa-aerligt-har-stridt,"Vor brave Soldat, som saa ærligt har stridt",prefix,candidate
2345,På Genfersøen  (Hvor Alperne højt deres snekrone bær'),SV8,hvor-alperne-hoeit-deres-snekrone-baer,Hvor Alperne høit deres Snekrone bær’,exact,candidate
2346,"I Rom  (Man gav mig marmorguder, oltids skatte)",SV8,man-gav-mig-marmorguder-oldtids-skatte,"Man gav mig Marmorguder, Oldtids Skatte",prefix,candidate
2347,Fra Quirinalhaven  (I syd er vintren vår og våren sommer),SV8,i-syd-er-vintren-vaar-og-vaaren-sommer,I Syd er Vintren Vaar og Vaaren Sommer,exact,candidate
2348,Min musa (Min musa nys),SV8,min-musa-nys,Min Musa nys,exact,candidate
2349,Indskrift på rammen  (Dit danske sommerhjem ved skov og strand),SV8,dit-danske-sommerhjem-ved-skov-og-strand,Dit danske Sommerhjem ved Skov og Strand,exact,candidate
2351,"Småvers 10 (Verden er falsk, verden er fæl)",SV8,verden-er-falsk-verden-er-fael,"Verden er falsk, Verden er fæl",exact,candidate
2352,Småvers 13 (Dødsenglen flyver i slimet ham),SV8,doedsenglen-flyver-i-slimet-ham,Dødsenglen flyver i slimet Ham,exact,candidate
2353,Småvers 14 (Et evigt liv tør jeg ikke kræve),SV8,et-evigt-liv-toer-jeg-ikke-kraeve,Et evigt Liv tør jeg ikke kræve,exact,candidate
2355,"Småvers 16 (Ved ham, for hvem at stenen brast for graven)",SV8,ved-ham-for-hvem-at-stenen-brast-for-graven,"Ved ham, for hvem at Stenen brast for Graven",exact,candidate
2357,Småvers 18 (I rummets store uendelige),SV8,i-rummets-store-uendelige,I Rummets store Uendelige,exact,candidate
2358,Til H. S. 1  (Ind i den dunkle skov i tjørn og krat),SV8,ind-i-den-dunkle-skov-i-tjoern-og-krat,Ind i den dunkle Skov i Tjørn og Krat,exact,candidate
2360,"Småvers 21 (Er fyren af adel, og pigen har penge)",SV8,er-fyren-af-adel-og-pigen-har-penge,"Er Fyren af Adel, og Pigen har Penge",exact,candidate
2362,Granattræet (I våren er hver blomst en flamme),SV8,i-vaaren-er-hver-blomst-en-flamme,I Vaaren er hver Blomst en Flamme,exact,candidate
2363,Småvers 25 (Hvis du forstod mit hjertes suk),SV8,hvis-du-forstod-mit-hjertes-suk,Hvis Du forstod mit Hjertes Suk,exact,candidate
2364,"Småvers 25 (Hvis Thorvaldsen dig så, o, søde lykke)",SV8,hvis-thorvaldsen-dig-saae-o-soede-lykke,"Hvis Thorvaldsen Dig saae, o, søde Lykke",prefix,candidate
2367,Småvers 28 (Friskt skyder hverdagslivet sine ranker),SV8,friskt-skyder-hverdagslivet-sine-ranker,Friskt skyder Hverdagslivet sine Ranker,exact,candidate
2368,Småvers 29 (Der er så øde på heden),SV8,der-er-saa-oede-paa-heden,Der er saa øde paa Heden,exact,candidate
2369,I Rom 1841 (Fra hjem og venner kommer ingen breve),SV8,fra-hjem-og-venner-komme-ingen-breve,Fra Hjem og Venner komme ingen Breve,prefix,candidate
2371,Småvers 32 (Hvis højt i juletræets top),SV8,hvis-hoeit-i-juletraeets-top,Hvis høit i Juletræets Top,exact,candidate
2372,Småvers 33 (I Orienten nattergalen),SV8,i-orienten-nattergalen,I Orienten Nattergalen,exact,candidate
2373,Ved juletid i Nizza (Nu er det den dejlige juletid),SV8,nu-er-det-den-deilige-juletid,Nu er det den deilige Juletid,exact,candidate
2374,Improvisation (Når månen lyser over krat og buske septemberfred),SV8,naar-maanen-lyser-over-krat-og-buske-septemberfred,Naar Maanen lyser over Krat og Buske Septemberfred,exact,candidate
2375,Improviseret skåltale for etatsråd Melchior (En børneflok på fødselsdagen bad),SV8,en-boerneflok-paa-foedselsdagen-bad,En Børneflok paa Fødselsdagen bad,exact,candidate
2376,Norsk stil (Tag mig tusinde),SV8,tag-mig-tusinde,Tag mig Tusinde!,exact,candidate
2378,"Paris (Paris, hvor er du dog lystig og glad)",SV8,paris-hvor-er-du-dog-lystig-og-glad,"Paris, hvor er Du dog lystig og glad",exact,candidate
2379,Ved borgen Ravenswood i Skotland (Hvor klippen springer i søen ud),SV8,hvor-klippen-springer-i-soeen-ud,Hvor Klippen springer i Søen ud,exact,candidate
2381,Til den lille Marie (Du er vel ikke et år endnu),SV8,du-er-vel-ikke-et-aar-endnu,Du er vel ikke et Aar endnu,exact,candidate
2382,"Fra min rejse i foråret 1872 (Vi kom fra kejserstaden,)",SV8,vi-kom-fra-keiserstaden,Vi kom fra Keiserstaden,exact,candidate
2384,Med et halsbånd (Lille og nysselig!),SV8,lille-og-nysselig,Lille og nysselig!,exact,candidate
2385,Med en kurv (En kurv kan man bruge mod Amors rænker),SV8,en-kurv-kan-man-bruge-mod-amors-raenker,En Kurv kan man bruge mod Amors Rænker.,exact,candidate
2386,"Med en brystnål i form af en flue (Fluer i hovedet, ja det er slemt)",SV8,fluer-i-hovedet-ja-det-er-slemt,"Fluer i Hovedet, ja, det er slemt!",exact,candidate
2388,Med en dukke (Hos dig forvandles alt til engel),SV8,hos-dig-forvandles-alt-til-engel,Hos Dig forvandles Alt til Engel.,exact,candidate
2389,Med en pengegris (Her er en yndig junker),SV8,her-er-en-yndig-junker,Her er en yndig Junker,exact,candidate
2390,Med en trompet (På jorden og alle planeter),SV8,paa-jorden-og-alle-planeter,Paa Jorden og alle Planeter,exact,candidate
2392,"Med J. L. Heibergs ""Urania"" (Her har du Heibergs Urania, hun er så pyntet, hun)",SV8,her-har-du-heibergs-urania-hun-er-saa-pyntet-hun,"Her har Du Heibergs Urania, hun er saa pyntet, hun",exact,candidate
2393,Med en jagtkniv (Det dundrer under hestens hov),SV8,det-dundrer-under-hestens-hov,Det dundrer under Hestens Hov,exact,candidate
2394,Med et hefte af mine eventyr (Den lille dreng på det gule bind),SV8,den-lille-dreng-paa-det-gule-bind,Den lille Dreng paa det gule Bind,exact,candidate
2395,"Med et blomstrende rosentræ  (Modtag et træ, der fuldt med roser gror)",SV8,modtag-et-trae-der-fuldt-med-roser-groer,"Modtag et Træ, der fuldt med Roser groer",prefix,candidate
2396,Med Gellerts fabler (På menneskets ord slå dig ej til ro),SV8,paa-menneskets-ord-slaa-dig-ei-til-ro,Paa Menneskets Ord slaa Dig ei til Ro!,exact,candidate
2397,Med et kobberstykke (Som englene det jordiske bortbære),SV8,som-englene-det-jordiske-bortbaere,Som Englene det Jordiske bortbære,exact,candidate
2399,Med et bundt cigarer (Da en syndflods vande),SV8,da-en-syndflods-vande,Da en Syndflods Vande,exact,candidate
2402,Med en dukke (Dukken her er ingen dukke),SV8,dukken-her-er-ingen-dukke,Dukken her er ingen Dukke,exact,candidate
2403,Med en pibe (I ægtestandens søde fryd),SV8,i-aegtestandens-soede-fryd,I Ægtestandens søde Fryd,exact,candidate
2406,Med Thorvaldsens statue (Slå du med ånd og tale),SV8,slaa-du-med-aand-og-tale,Slaa Du med Aand og Tale,exact,candidate
2407,Med en flaske duftende vand (Da en gang blomsterne dig så),SV8,da-en-gang-blomsterne-dig-saae,Da en Gang Blomsterne Dig saae,prefix,candidate
2408,Med en spåkvinde (Alverden jeg gavner),SV8,alverden-jeg-gavner,Alverden jeg gavner,exact,candidate
2409,"Med en ""Gliedermann""  (Jeg var en gang på den grønne gren)",SV8,jeg-var-en-gang-paa-den-groenne-green,Jeg var en Gang paa den grønne Green,prefix,candidate
2410,Med en lysestage (Når efter år og dage),SV8,naar-efter-aar-og-dage,Naar efter Aar og Dage,exact,candidate
2411,Med en papirtrykker med blomster (Ved denne du i verden huske må),SV8,ved-denne-du-i-verden-huske-maa,Ved denne Du i Verden huske maa,exact,candidate
2412,Med et cigarfoderal (På jagten smager en cigar),SV8,paa-jagten-smager-en-cigar,Paa Jagten smager en Cigar,exact,candidate
2415,Med to vaser (Uden devise og uden fraser),SV8,uden-devise-og-uden-fraser,Uden Devise og uden Fraser,exact,candidate
2416,Med en krave (Den tør du eje),SV8,den-toer-du-eje,Den tør Du eje,exact,candidate
2417,"Med et landskab fra Italien (Italien, blomstrende mandelstav)",SV8,italien-blomstrende-mandelstav,"Italien, blomstrende Mandelstav!",exact,candidate
2419,"Med en blomstervase (Gaven her er nydelig,)",SV8,,,exact,candidate
2420,Med en hund i sæbe (Den hverken bjæffer eller brummer),SV8,den-hverken-bjaeffer-eller-brummer,Den hverken bjæffer eller brummer,exact,candidate
2421,"Med en tobakspung (Uden snakken, uden takken)",SV8,uden-snakken-uden-takken,"Uden Snakken, uden Takken",exact,candidate
2422,Med en ring fra en ægtemand til hans hustru (Det røde guld betyder elskovs tro),SV8,det-roede-guld-betyder-elskovs-tro,Det røde Guld betyder Elskovs Tro,exact,candidate
2424,"Med en lysestage (Sæt dig i stagen, men ikke for kroget!)",SV8,saet-dig-i-stagen-men-ikke-for-kroget,"Sæt Dig i Stagen, men ikke for kroget!",exact,candidate
2426,"Med visitkort (Et mindeblad - det sted, du har beæret)",SV8,et-mindeblad-det-sted-du-har-beaeret,"Et Mindeblad – det Sted, Du har beæret",exact,candidate
2428,"Med en kurv med æg (I kurven, på ballet, i dans og i leg)",SV8,i-kurven-paa-ballet-i-dands-og-i-leg,"I Kurven, paa Ballet, i Dands og i Leg",prefix,candidate
2429,Med et billede (Et  kobberstykke skal du få),SV8,et-kobberstykke-skal-du-faae,Et Kobberstykke skal Du faae,prefix,candidate
2431,Med papir (Her er papir til mange breve),SV8,her-er-papir-til-mange-breve,Her er Papir til mange Breve.,exact,candidate
2432,Med et par handsker (Hille den sorte jøde),SV8,hille-den-sorte-joede,Hille den sorte Jøde!,exact,candidate
2433,Med eau de cologne (Når du med dette dig befugter),SV8,naar-du-med-dette-dig-befugter,Naar Du med dette Dig befugter,exact,candidate
2434,"Med en broderet skærm  (I stykket her, vil dig dit hjerte sige)",SV8,i-stykket-her-vil-dig-dit-hjerte-sige,"I Stykket her, vil Dig dit Hjerte sige",exact,candidate
2436,Med et billede af Rosenborg have (Der sidder en amme ved Rosenborg slot),SV8,der-sidder-en-amme-ved-rosenborg-slot,Der sidder en Amme ved Rosenborg Slot,exact,candidate
2437,"Med en hund (Her er en hund, og den er stor)",SV8,her-er-en-hund-og-den-er-stor,"Her er en Hund, og den er stor",exact,candidate
2438,Med H. P. Holsts: Den lille Hornblæser (I kampens stund han blæste kækt),SV8,i-kampens-stund-han-blaeste-kjaekt,I Kampens Stund han blæste kjækt,prefix,candidate
2442,"Med mine ""Digte gamle og nye"" (Mit hele blomster-mosaik)",SV8,mit-hele-blomster-mosaik,Mit hele Blomster-Mosaik,exact,candidate
2443,"Med forskellige presenter  (Jeg kommer, frøken Anna, med en flaske af min lugt)",SV8,jeg-kommer-froeken-anna-med-en-flaske-af-min-lugt,"Jeg kommer, Frøken Anna, med en Flaske af min Lugt",exact,candidate
2464,Q. Qvæde (Hvad ej et solkys folder ud),SV8,hvad-ei-et-solkys-folder-ud,Hvad ei et Solkys folder ud,exact,candidate
2491,"Prologer   I  (Den dag, vi fødtes, bliver os en fest)",SV8,den-dag-vi-foedtes-bliver-os-en-fest,"Den Dag, vi fødtes, bliver os en Fest",exact,candidate
2493,Epiloger II  (Når man så godt som hver en aften må),SV8,naar-man-saa-godt-som-hver-en-aften-maa,Naar man saa godt som hver en Aften maa,exact,candidate
2505,"Louise Ipsen og C. St.A. Bille. (Bryllupssange  VII) (Vort liv har mangen højtidsdag,)",SV8,vort-liv-har-mangen-hoeitidsdag,Vort Liv har mangen Høitidsdag,exact,candidate
